,A,B,C,D
2018-01-01,0.8485398906236908,-0.7804255640835082,0.9111746719425914,0.13511346242584235
2018-01-02,0.09639986590378047,0.0642362326625392,0.6962099799967447,2.9152258368489687
2018-01-03,1.9790479744452054,-1.4050926038475569,0.2099794167073386,3.0919539684138084
2018-01-04,0.6218770832412155,-0.7857633564002818,-0.6245654367830682,2.5627272697970933
2018-01-05,0.5006874781915122,-1.7303602895309411,-2.4472183911192356,1.9941658508449422
2018-01-06,-0.6913138371752258,-2.6806874696916907,-2.6022247201241244,1.2489014310961615
2018-01-07,-2.110102297920402,-3.73982126821204,-3.8089772054407747,-0.5571276509270928
2018-01-08,-1.3959722993937504,-3.671153324245962,-4.280618450872329,-1.3426445340126203
2018-01-09,-2.184885497318471,-3.4426893349007166,-4.511744999834,-0.527380918147098
2018-01-10,-1.8951298930800875,-3.472648470111607,-4.912188329015332,0.25841693764391827
2018-01-11,-2.1218019803748884,-2.0686553510219623,-5.070985441796812,0.02777987381428032
2018-01-12,-1.51857446897252,-2.7846028037507686,-6.527300450527456,0.027760414844333402
2018-01-13,-1.3131763016426898,-2.134056240876719,-7.324539805203674,1.5524521086385121
2018-01-14,-0.8874872049021615,-2.069864730131996,-8.195460785212967,1.4545493455891179
2018-01-15,-2.3614960651283994,-1.9483554489018116,-6.019826348947669,2.0295833639381513
2018-01-16,-2.5160473098754106,-2.3436865876951103,-6.498725103857916,2.6034448267952004
2018-01-17,-3.2333754398210237,-2.360173824603051,-7.062575564216688,4.937732607919958
2018-01-18,-2.798786076944835,-1.072872619138656,-6.201381833119131,5.342424977934273
2018-01-19,-2.3389917994742495,-0.2438445813072988,-5.302563985651927,5.819854880843923
2018-01-20,-2.440646303613046,-1.381624088214362,-6.627064676516603,4.888397406278511
2018-01-21,-1.381057144279698,-1.1483206652306823,-5.933903863805608,5.9054961558871515
2018-01-22,-3.593656514296537,-2.0894209559500525,-4.594355385058224,6.221279291721513
2018-01-23,-2.667277306058591,-2.561707277806167,-4.3019725669575575,5.825564545196582
2018-01-24,-1.2382956505820493,-3.3638325510661353,-3.460878214526551,6.574341028065001
2018-01-25,-2.1449104808001342,-5.241937227927672,-3.6418577163754664,5.788662104541106
2018-01-26,-2.1364073008138362,-6.366398667306285,-4.191894273217898,7.8137416999562985
2018-01-27,-3.81942279288209,-5.347544254270432,-2.3910166995759545,8.132187767752335
2018-01-28,-3.0185170991268166,-7.448819868382249,-1.5124064807484754,7.516896547802
2018-01-29,-4.406984134302062,-6.585088304675308,-1.788453118944879,7.650431137134182
2018-01-30,-5.328980662977793,-7.158380111915371,-1.68278961834932,6.129136962827706
2018-01-31,-5.207783247807677,-7.84032661039775,-1.3918991740619133,5.280635957377376
2018-02-01,-5.0175686411239555,-9.728772007606837,-2.60576660066097,2.855942676421799
2018-02-02,-5.2842608919266,-10.358081202241117,-1.9515256623895545,2.7857720775476866
2018-02-03,-6.346827422449152,-10.779955945631592,-1.216589921665362,1.6817451093134101
2018-02-04,-7.266478354898338,-9.436221809659173,-0.951628004598098,2.0035822820709415
2018-02-05,-7.172788842883817,-8.24478225278088,1.9252691044315242,2.633284819427183
2018-02-06,-6.946122151133695,-8.213991260778206,0.8014745877948417,0.9822100676457544
2018-02-07,-6.680318935387358,-8.634478942953022,0.6198934739303135,0.3581771379612725
2018-02-08,-7.9065890864488635,-9.177965159743001,1.6996757938923697,1.2206755394714763
2018-02-09,-8.808432981479392,-10.200756502814222,1.4323904989274494,0.8309792597334719
2018-02-10,-8.327344605357261,-9.816998125770553,0.3899174001320014,2.0534493423499405
2018-02-11,-8.652912721588606,-11.16384140935898,1.1423317266574002,3.2734294089381297
2018-02-12,-7.827160731800088,-11.217929335852558,0.9301436449838684,3.3167657536853876
2018-02-13,-9.415502347201357,-12.96879928086187,0.8488156007955052,3.5887495511749723
2018-02-14,-10.41680065083002,-12.156164768537039,1.5830248134701597,4.648823089931656
2018-02-15,-10.464883516927255,-12.715520962446842,1.0231061930169696,4.545669533322031
2018-02-16,-10.918460715374936,-13.744982072514373,1.8133240385631908,4.136410687320596
2018-02-17,-12.44833301433374,-15.951835706495599,1.5437925438968552,3.5481517850754867
2018-02-18,-12.69951833414434,-15.352948392921618,1.6396875111209934,2.781767098126041
2018-02-19,-12.838323685886683,-14.43498511452632,1.5269329213120977,3.90012449899677
2018-02-20,-12.176351908567538,-15.43800713496063,0.3502533969036068,2.6703578710907783
2018-02-21,-12.1793482473603,-15.003830593290989,0.18686848925321367,1.8385650886690712
2018-02-22,-10.941829025976194,-17.46473487478288,-0.7728869656666393,1.42866434446697
2018-02-23,-12.789565527223443,-17.706965135500255,-0.06175700541222873,2.9719222524487057
2018-02-24,-11.842423978732581,-19.414782261804827,-1.6937631287366766,0.056393456280912524
2018-02-25,-11.833882874727296,-20.13837604726504,0.1835159461661331,1.361451961214523
2018-02-26,-12.57984810730663,-16.93642850618803,0.42398120006378953,0.2079518478268525
2018-02-27,-11.774712522389699,-17.66670759450943,1.503725127176725,-2.026715315497621
2018-02-28,-10.877081562269334,-17.036052314273363,1.5768459172486717,-1.354989172953995
2018-03-01,-11.35544967299436,-18.33564202259872,0.6987249971467814,-0.2198349690687469
2018-03-02,-12.268844253550315,-18.13674942681526,1.6572534847881855,0.5515718702339597
2018-03-03,-11.592513307393041,-16.83916637044092,1.7113854034090399,1.2294823503357621
2018-03-04,-11.976305485192023,-17.759317761754314,1.413172844235547,1.2125598552503798
2018-03-05,-12.614288462208133,-17.80892923852919,1.6037737348697023,-0.9814699869693542
2018-03-06,-10.86593164670935,-19.117675882663246,1.4132231460247433,-1.7828646451173338
2018-03-07,-9.178610958451003,-19.711606492312296,-0.26002399173026247,-1.1916228801117152
2018-03-08,-9.782465664313932,-19.113444583818346,0.16487870000040517,0.1893869845576197
2018-03-09,-9.169860058218053,-19.024503939478564,1.3573947208540331,0.9963517036941165
2018-03-10,-9.344232615256116,-18.435396679251284,0.773545576826102,0.8527392287700246
2018-03-11,-11.19957585904938,-17.71995717695445,0.496768843936577,-0.26438978832179005
2018-03-12,-12.091363723676528,-16.79044107462234,0.4785642289647931,0.8686373455232657
2018-03-13,-13.05448010830826,-16.83742259969403,-0.27287632931352235,1.112728192368037
2018-03-14,-13.57258717684051,-14.66120203090788,-1.5486478958948529,0.3402692805979116
2018-03-15,-14.65026836326832,-14.951153445690343,-2.606070004108085,0.29692356352976773
2018-03-16,-14.332140850345734,-12.891906318498528,-2.3357875541033897,-0.5489189952381917
2018-03-17,-14.661351998579612,-11.019756007804437,-1.3175794166447525,-1.474138667628711
2018-03-18,-13.99093006172008,-10.427251358722865,-1.7475647785752755,-0.8072517979894441
2018-03-19,-15.660818472391444,-10.534984075116359,-2.3050150882248643,-0.6204176418954641
2018-03-20,-15.15626983210756,-11.890196339510537,-1.7680846373091201,-1.5833921733296399
2018-03-21,-14.918037546690446,-11.259530560858007,-2.802436300535829,-1.6588450792864688
2018-03-22,-16.36854162506105,-9.797366487255662,-3.881865543000578,0.22548604904427139
2018-03-23,-16.904781035734363,-11.391292030198276,-4.390703511484302,0.0066955113891533635
2018-03-24,-16.50684749672261,-12.015107191895602,-4.322585193507072,-1.4388219625092968
2018-03-25,-15.545746586276698,-11.734583431007138,-3.3353623187191577,-0.8824398459952836
2018-03-26,-16.36058620695069,-11.571654683688475,-3.3023264455811394,-2.0539700057318067
2018-03-27,-15.882982566187518,-11.774237066433232,-3.746920908016181,-0.13803361134556735
2018-03-28,-13.632491398763785,-12.67716043284914,-0.7469667646907094,0.5379482456158461
2018-03-29,-12.401262628318943,-10.686159340231129,-1.389215997510577,0.07185914352810963
2018-03-30,-12.442001485911439,-10.471999312351812,-3.246922743209215,0.18000478352163615
2018-03-31,-11.27512128395465,-9.338782609405706,-3.0783938609687325,0.4523758536519187
2018-04-01,-10.94976787339576,-7.29513935905483,-3.6210554793443888,0.1243953020119482
2018-04-02,-9.355191916677382,-7.353062013425864,-5.633685854381456,-0.6200590164326614
2018-04-03,-10.618507761717188,-7.230741994492539,-6.974063846161147,-0.9957885416863584
2018-04-04,-9.930163134549833,-6.3582568799405,-6.623870658987581,-1.1728428447867263
2018-04-05,-8.666726945065575,-5.791843675175831,-6.799476605112505,-0.839994390419259
2018-04-06,-8.89761785420553,-6.1439683777309435,-8.078161258416841,-1.2268413766786743
2018-04-07,-9.663310036954428,-6.663557928907627,-9.562791628059028,-2.489862276912981
2018-04-08,-8.654370354934189,-5.519632134364556,-10.303740252573386,-0.20388423957681434
2018-04-09,-8.90082482093103,-6.191083978078796,-9.515712365455636,-0.2663455641181692
2018-04-10,-9.589175448927444,-8.076091635568902,-9.89055990274013,-0.374545353237193
2018-04-11,-11.53118871447558,-6.2842347965679455,-10.038339898586758,-0.285756648964265
2018-04-12,-11.824420370354206,-5.61369902855178,-8.97347821869436,-0.42507197987707623
2018-04-13,-11.891957458720922,-5.63971931229211,-10.941381921977833,-0.05490532598822201
2018-04-14,-8.833359470754008,-6.269644489298677,-9.292793682410958,-0.8186880018395153
2018-04-15,-8.13630027462134,-7.4228521944187005,-8.75372827040174,0.21278591526568857
2018-04-16,-6.413544476201884,-7.65323630797825,-7.809747177748372,0.5814063396727949
2018-04-17,-7.2903077175261455,-6.423483027771136,-6.926599893303454,0.8524164448743654
2018-04-18,-8.53670429810737,-6.666775392211541,-6.958879607311191,1.3336836237688316
2018-04-19,-6.853778626586125,-5.6615799306944785,-7.678639242048259,1.095753701520756
2018-04-20,-6.759096136505791,-5.88258533189979,-9.160633472338372,0.9370405720194462
2018-04-21,-7.219603552343572,-5.339567501130579,-8.996685389020291,-0.006222393174639906
2018-04-22,-6.037217580878377,-5.86310370877575,-8.068234255538348,-0.12049032560419266
2018-04-23,-7.029351435529409,-5.889568877554551,-9.632955072146753,-0.26529875145258924
2018-04-24,-7.717217420433354,-5.149114879215333,-8.057565848090766,-0.8534759864700232
2018-04-25,-8.296431757554725,-4.98992908269531,-7.308293192246796,-2.1154555394960597
2018-04-26,-8.684639395099518,-4.920107685527723,-6.08666819746373,-2.1657698972212356
2018-04-27,-9.62600378083004,-3.174428653879146,-5.261468784505519,-1.0316719746579948
2018-04-28,-8.70683086111027,-1.2105277436480941,-5.183151711275872,-2.5943153541396597
2018-04-29,-7.234056739817245,-1.4831191538847155,-4.803746781906076,-3.489354113536791
2018-04-30,-7.626584155279008,-1.7013978064912265,-6.669323801800813,-4.207723760204381
2018-05-01,-10.072939571139829,-1.6398505751711623,-7.846584019556817,-3.08866708343732
2018-05-02,-9.299645848324374,-1.369291804164726,-5.0222362042452,-3.7962774007922113
2018-05-03,-9.371208544215605,-2.8001280344447803,-6.78367304536607,-3.214602441113235
2018-05-04,-9.355550881368455,-1.9638738425900772,-6.24588926900081,-2.931741928584304
2018-05-05,-8.489223576370925,-1.823422383650502,-6.788446251627722,-0.6840937534078644
2018-05-06,-8.342180412288965,-2.0599711056242564,-7.155689056697372,0.3508613974671546
2018-05-07,-9.909236326754682,-1.1957294060596069,-6.140192722952133,-0.22521975549233442
2018-05-08,-9.790798320188433,-0.16193956557188205,-6.328794487519158,0.36785520710545383
2018-05-09,-10.569632217728309,-0.5339899456658164,-5.139679836534775,0.6997724847942626
2018-05-10,-8.797260372808383,-1.3544350505740854,-5.489636412120127,1.1285239831989602
2018-05-11,-8.45665429253128,-0.23137171331531947,-5.513895435681784,2.4733494858515606
2018-05-12,-8.939250927733422,0.2953884093215241,-6.931506090698223,2.6456139971005688
2018-05-13,-10.055513629791207,-0.16358309130624588,-7.863956360677025,2.827569782169323
2018-05-14,-11.97234878843816,0.5751027899781287,-10.016305616645653,1.499468724512298
2018-05-15,-13.215561064142136,-0.3850022483563552,-10.148499021203905,1.878537178163385
2018-05-16,-13.04566042334704,-1.435330338701219,-10.978593460139413,1.6700605089016065
2018-05-17,-13.140435701248718,-2.0885781621624893,-9.500407446293522,1.3991466298282549
2018-05-18,-12.75354212166132,-2.086845412150881,-8.579429174045236,-1.0861620546604915
2018-05-19,-11.509755215283526,-3.240455061656993,-8.313228711022097,-2.7233694567380837
2018-05-20,-12.471332412075885,-3.706506087813211,-9.656860070730863,-2.530365329071618
2018-05-21,-11.99991906525427,-3.5773263094871774,-8.946702823327467,-3.6433305837598624
2018-05-22,-11.3518023155076,-4.356854238834011,-10.393574823277214,-2.8212718691470573
2018-05-23,-12.8071453506706,-6.889103408234524,-9.169777273267771,-4.404118517443303
2018-05-24,-11.877194833838495,-7.23833053848127,-8.562567206552597,-4.128912858727664
2018-05-25,-11.777780768965673,-7.310747394054425,-10.24207003279675,-2.108936720916595
2018-05-26,-12.108880347904112,-7.00326909380629,-8.689341943216222,-3.0479652176414795
2018-05-27,-12.345712199879381,-7.422347814148762,-8.18197100157112,-3.107676491199392
2018-05-28,-11.492895552563128,-6.78283825316323,-7.946789511328908,-4.291787977618766
2018-05-29,-11.191426191300133,-6.122651592996837,-7.602701363826188,-4.703125932945484
2018-05-30,-13.614548741994307,-6.444128819656239,-6.709125394026238,-4.784115724210919
2018-05-31,-13.824829936998704,-6.598480919357071,-5.404646412891289,-4.107008126095133
2018-06-01,-14.447139553068217,-6.623628546762072,-5.774888967921925,-4.8663222153051375
2018-06-02,-14.527497401288189,-6.443407611031316,-4.865560298585302,-3.73027839635089
2018-06-03,-14.388052718880688,-5.329718100154565,-4.398536214331138,-2.815379814363908
2018-06-04,-14.813223501025957,-3.847940366571433,-6.4123381421414525,-3.2380653290989394
2018-06-05,-15.241027329415086,-2.663662039105434,-6.227731637237292,-1.8694794276129372
2018-06-06,-13.477948673262933,-4.170932581413606,-5.833487730621163,-1.7660894503243059
2018-06-07,-12.206655112364487,-6.569058707418651,-5.464844341183806,-2.9563246190478925
2018-06-08,-10.890783321813801,-7.586001281140399,-6.437473573408874,-1.0953867203290604
2018-06-09,-10.400128433654912,-7.683292857754589,-6.979825904262856,-0.905298767334076
2018-06-10,-11.520037466230514,-8.796110229981757,-5.251171551494049,-0.9305875457709859
2018-06-11,-10.277086720155035,-9.003272032862311,-3.5511998875089086,-1.0802278269162524
2018-06-12,-10.472820432913894,-6.490315301804149,-4.920017679722219,-2.5003339963346374
2018-06-13,-11.067840791208484,-6.153246923410531,-4.344227118922781,-3.6459905850736405
2018-06-14,-11.085625322673925,-5.239593873589471,-4.364266688322718,-4.193686536071661
2018-06-15,-10.06576698382057,-6.587919695389889,-3.942023774159329,-3.027121182943079
2018-06-16,-8.30459966269983,-7.32179735492862,-2.861292852439263,-1.5423787731328753
2018-06-17,-7.42320209482155,-7.57100770088374,-2.7571184425760977,-2.849075427463918
2018-06-18,-7.328834454098659,-5.875190518888852,-1.9337926312556741,-4.551069967026638
2018-06-19,-8.231374026938798,-5.236585839651486,-1.550511331006612,-4.2275312415164485
2018-06-20,-7.796337499899979,-7.658178939793691,-1.239307642003319,-4.336596774612476
2018-06-21,-6.824467003537174,-7.883613392432136,-2.3319183603660925,-2.9011260604515448
2018-06-22,-8.19305352512874,-7.551267184363748,-1.663865822016899,-2.2433694874935988
2018-06-23,-9.30008549981412,-7.566428398024101,-0.586193026331401,-3.9750279255734693
2018-06-24,-8.013875508396696,-7.799947514286938,-2.139300791622765,-5.430043755251447
2018-06-25,-7.076739347244763,-7.27377468180457,-1.3037090139946232,-4.5979336692477695
2018-06-26,-9.089200627423981,-6.336928741460139,0.18766563936194647,-4.702903785600197
2018-06-27,-11.050055187732125,-7.717399946674765,1.8931153123335223,-4.40007202914741
2018-06-28,-10.294633181160311,-7.787974387283098,0.9847549521737151,-5.08223602018665
2018-06-29,-9.86898975914793,-8.409296904494905,0.11786960961718784,-4.275671479600634
2018-06-30,-10.16993947955233,-8.179108046018527,0.1804460798633648,-5.716226977675108
2018-07-01,-11.738102228822974,-8.762244695683851,0.25994674701810105,-5.152973907350141
2018-07-02,-10.855301235563733,-10.483795366192723,1.114813232854321,-4.113842700292306
2018-07-03,-12.92532991232585,-9.982950620087669,0.1927336875217618,-3.8720780622970152
2018-07-04,-13.54575860540073,-10.241160001510146,2.0066274233179184,-4.117995851183156
2018-07-05,-14.92001394233041,-10.651152218229885,2.528084087476846,-3.1052910819133546
2018-07-06,-15.212175908479857,-10.199731783040665,1.4139109173440714,-2.77732941012814
2018-07-07,-14.445265697586755,-9.663864142439644,1.597722073483904,-2.1907648518043263
2018-07-08,-16.524296038811112,-9.087790253546332,2.7696815934069674,-1.0754905499706127
2018-07-09,-14.88828258109023,-9.81015569829428,4.064173502631593,-0.39577010520613864
2018-07-10,-14.540916296747408,-10.883355977708941,4.106466319068442,1.095129403996583
2018-07-11,-14.910127946655722,-10.701178845384007,5.222946889046435,2.9905254784808406
2018-07-12,-14.249650830226058,-9.653098086272209,5.889012569857656,3.898115138066335
2018-07-13,-14.579877319671482,-11.083001126046218,6.3364240340322056,3.6394458874443227
2018-07-14,-14.499103224415535,-10.270370907062215,3.784311242696058,5.295485501385274
2018-07-15,-16.052107514036095,-10.737864123736761,3.772045860849247,3.7246189386162243
2018-07-16,-16.64426710683491,-11.545648014839019,2.8811460522239436,4.138332531112298
2018-07-17,-19.315636333842875,-12.518341545171623,3.14653491479232,4.900605471346189
2018-07-18,-19.281248866069916,-10.785995705389436,3.5103683551074174,5.527929165753678
2018-07-19,-20.825523332226886,-11.914791491343557,0.3603415153360028,5.263411764304428
2018-07-20,-20.77081172937867,-11.426202440819958,-0.2131716001459365,6.156537558707907
2018-07-21,-21.15310839775697,-10.369246308784572,-0.8664733497871573,6.363105746194853
2018-07-22,-22.249898032145055,-10.476740057898393,-2.1702459043261717,6.333736519484078
2018-07-23,-23.50899300244764,-10.3201014892414,-1.823041089042848,6.17772798108433
2018-07-24,-21.53980820246988,-9.643503609062444,-2.2508897051548464,5.131994262171073
2018-07-25,-22.433212124329057,-10.041828173120063,-1.4453935922265488,5.626887763024843
2018-07-26,-20.22453753220011,-9.212134015056458,-0.6203151553805148,4.525292006287141
2018-07-27,-20.960789781665298,-8.675494328150148,-0.025243964445368805,3.1202419732203888
2018-07-28,-22.211223863027847,-9.271743819676558,-1.2752464650665158,3.7608945510944514
2018-07-29,-23.05132729930747,-10.85534177209731,-1.1357395926412315,3.269356836180957
2018-07-30,-20.543550218975067,-10.094112790396087,-0.9252400396760525,4.64584833213916
2018-07-31,-18.720824474236586,-9.746981916081552,-0.6077344796990011,3.064215069072323
2018-08-01,-18.48535385742266,-8.384055367480096,0.026545996000741368,4.901139914158712
2018-08-02,-18.342549945941933,-8.667732110774244,-3.643483469248659,4.750474146639254
2018-08-03,-17.679382516815505,-11.11015714325709,-2.191937022982761,4.535361899646824
2018-08-04,-17.963817713389876,-11.398687975926965,-2.505834518616992,3.6319213988536267
2018-08-05,-18.86735548953388,-10.014456788398764,-2.1182431383905755,5.565645078621972
2018-08-06,-19.4295266441993,-9.745395431625361,-2.607633173653846,5.620630874145123
2018-08-07,-21.23851184775924,-10.906461555858932,-2.3919492348014613,4.178695012702202
2018-08-08,-20.6873713116138,-9.873814057596707,-3.3693109973842605,2.7511476278422404
2018-08-09,-22.530099817287557,-10.136468810485578,-3.4091676148888252,3.5880138176036045
2018-08-10,-22.373324713721335,-10.45621173130582,-2.8928339907336715,4.6774599504343675
2018-08-11,-22.024838005810096,-9.004886453059662,-2.8392800958738085,5.668467552917889
2018-08-12,-22.497482685036328,-8.032885924996974,-4.98281767764958,5.4918369414648796
2018-08-13,-23.117709658565936,-7.49253107716662,-4.48960421814023,6.680101757564334
2018-08-14,-22.554073343786207,-8.714357444263978,-2.4659726821044607,5.295870132937651
2018-08-15,-24.01964975132166,-7.9254625897303095,-1.0027038512360513,4.741591325949476
2018-08-16,-24.269608608151742,-7.003000418475874,-0.6645901623239026,5.541484066901785
2018-08-17,-24.3612772754491,-7.001913465017593,1.2838658738649638,4.690805724259525
2018-08-18,-23.570428764482518,-6.589570934672819,0.612920374503487,5.785001556678377
2018-08-19,-24.333934208080702,-6.550067310679756,-0.3174975733643626,6.718479520918689
2018-08-20,-23.500916302549026,-5.147160277745666,-1.2061179616981346,7.040638658525145
2018-08-21,-23.638469323519747,-5.027250928987571,-0.7846151513641602,7.795462908246436
2018-08-22,-24.34192518277891,-4.800886795150705,-0.02407143242278753,6.249300991418582
2018-08-23,-25.506931184850636,-5.520784539132502,0.7134145905479717,5.882905142198034
2018-08-24,-26.14088887661001,-4.49401991078761,0.270363635372607,6.027637636931948
2018-08-25,-26.247723061141155,-6.79642240111629,0.3006015104896615,7.048895827317965
2018-08-26,-25.81107559619567,-7.212167605208407,0.42155644960629546,8.124925408292075
2018-08-27,-23.997258450807283,-7.938830647471251,2.484603431916302,7.746489471533031
2018-08-28,-23.21093818288386,-9.37803751567718,2.069228755345814,9.563372614764404
2018-08-29,-23.079709741941464,-9.340743121621715,3.7902575475673386,9.13611797189277
2018-08-30,-22.008222197444752,-9.334032977317781,3.999036043713455,7.662254692170496
2018-08-31,-21.72093765168135,-10.687138216812796,4.408792147606382,8.19027164968862
2018-09-01,-20.163341406511247,-12.022858962835574,3.8549177948882916,8.687288036014927
2018-09-02,-19.673233621351844,-11.662119321471703,4.617909883655227,6.886168793874543
2018-09-03,-21.86107980313757,-11.727382837488532,2.1221756926052926,6.4620285599231
2018-09-04,-20.935708327863495,-12.555473163961977,4.312049033464466,4.52488618057031
2018-09-05,-21.100056238583903,-13.946300487824754,3.4832127984121115,4.614244106290793
2018-09-06,-20.305878496639693,-15.25167853762101,4.419120458170573,3.9063114391052114
2018-09-07,-20.59879566583307,-16.141025896963587,3.998333770907861,3.969068838811262
2018-09-08,-22.089342563322884,-16.178110964175982,3.9243212952302597,4.270451636022456
2018-09-09,-22.472767545382116,-18.53484135016593,3.111812510566155,4.211002574256149
2018-09-10,-23.531128928016823,-21.54711811011972,2.624718294239766,3.8744714366929855
2018-09-11,-24.617355081891013,-22.153439191747268,1.465829250618057,4.228632471266588
2018-09-12,-25.28273363870961,-21.858629611598552,1.7440000476905708,2.7212217849590616
2018-09-13,-26.532565729029614,-21.9010002389503,2.3852506770625785,4.1762262398175825
2018-09-14,-25.68295309289042,-23.5909400070672,3.2609387473971854,4.61317062028836
2018-09-15,-25.137026543331242,-23.763153549155632,3.7389790266796585,3.180750872854372
2018-09-16,-25.403263708760097,-23.902483447710484,4.23234387230114,3.0681812971805975
2018-09-17,-27.256677357858425,-21.408436789138786,2.9218748349435986,2.65192490318975
2018-09-18,-28.54887889078733,-23.606099216283997,0.6058885286041908,1.1749990511971067
2018-09-19,-27.981490140537396,-23.719119099573383,0.16597922670731607,-0.10801749230175761
2018-09-20,-28.460980653483567,-24.398962451198983,1.3732771143231213,-2.0630414386823572
2018-09-21,-28.616924241182076,-25.336871605184484,2.5245452088048674,-1.5409637181981664
2018-09-22,-30.019591464514882,-24.433524132985458,3.6612272857901775,-2.3463925998939317
2018-09-23,-30.02034585856047,-24.426739874771457,4.65985300304325,-2.843743815345998
2018-09-24,-29.79983471774083,-25.505203449526576,3.715812686109523,-4.126871195380409
2018-09-25,-31.771437440449848,-25.74214588113924,2.8976935050247956,-2.0126006861897965
2018-09-26,-31.213669177419202,-25.964409231578024,4.171136806985587,-2.357753737530577
2018-09-27,-32.009384411898566,-25.61801855134699,2.855825437283337,-4.317303987634179
2018-09-28,-32.629924946281164,-26.02263553987254,3.1906765303907654,-4.017066234520956
2018-09-29,-33.56517134365145,-23.921444329382744,2.5589550200538747,-3.8099697791058196
2018-09-30,-32.41392057123178,-23.1453540607613,2.9506037898952853,-3.775682598310411
2018-10-01,-33.09817295632584,-21.284858438879454,3.225166176283052,-4.384034231539766
2018-10-02,-31.499446715615875,-22.961062675830817,2.89848032407294,-3.9850946537646257
2018-10-03,-30.60131868727293,-22.823509338699857,4.000025794967551,-2.5693262741971585
2018-10-04,-30.368679021595696,-23.72536154185205,3.413378405862297,-3.1368988719330204
2018-10-05,-31.90730755632047,-23.73687595189531,5.870461319379839,-3.0315383066301926
2018-10-06,-30.45900528542463,-24.294443307712488,5.331550595991767,-2.8967297096198226
2018-10-07,-30.37275733354985,-24.67738986206193,5.931246919310071,-3.0229413447924474
2018-10-08,-29.21020778632313,-25.726087977456093,6.8198919965133005,-3.7340145510580522
2018-10-09,-27.70028550983001,-25.761441233791434,5.584345688465682,-2.020057742612038
2018-10-10,-28.376414864456077,-24.81833450573768,4.501026375621037,-1.3586964568443411
2018-10-11,-27.6940191607343,-24.933384177622862,4.880433468340416,-0.6460514460496586
2018-10-12,-26.68596872155505,-26.245877369242415,4.447883471452235,-1.323102895991171
2018-10-13,-26.31485048737389,-28.643340814808557,5.984423779208525,-2.258187592016942
2018-10-14,-25.595196556808375,-29.374588284653854,6.072499732693073,-1.4502952194566656
2018-10-15,-24.13574004537812,-28.438876917662338,6.536625542461717,-0.015407990652265058
2018-10-16,-25.60869875315673,-26.871527026722614,6.976989842583262,0.5392594768781129
2018-10-17,-24.82831906138982,-26.935620950067587,6.941877702518867,0.733702928133727
2018-10-18,-24.511354597649504,-27.46848985562945,8.977273790106901,0.35883863006186156
2018-10-19,-23.380931004413902,-28.905923264708647,7.628970518074292,0.2212992530582528
2018-10-20,-24.327601819668196,-28.23475428819368,9.206037760776907,-0.7897815982874795
2018-10-21,-23.876901415025607,-27.867449645371188,10.792217115982131,-0.32677278043627556
2018-10-22,-22.772860800464343,-29.290536352973454,11.321527998055048,-1.5453480085049667
2018-10-23,-24.061947060761117,-28.879953782110526,9.715642942941514,-0.9782237259257159
2018-10-24,-24.215480029690738,-28.552356221246274,6.71855517017501,-2.6453029960428966
2018-10-25,-25.271894603703213,-27.49386614509939,7.032499187216182,-3.0270074670471536
2018-10-26,-23.769121547803024,-26.23765401747341,8.462315227618447,-3.229329542654254
2018-10-27,-26.701789862928987,-26.979940276987648,10.85356777693853,-2.167284109932643
2018-10-28,-26.73689512754971,-26.818665627889352,10.006240024878341,-1.563932288905466
2018-10-29,-27.643823516439436,-25.35752281861931,11.069338809051498,-1.0392142430369988
2018-10-30,-27.292849864652897,-24.650766367100744,13.65239537572102,-1.2150294495481433
2018-10-31,-28.350798765098872,-22.785890022373117,14.495374176914064,-1.1820406540509774
2018-11-01,-29.017981372211064,-24.2451268432217,16.315069097818196,-2.8139026297926066
2018-11-02,-28.854578484071954,-24.23279909891216,15.793636066424144,-2.4210160084375096
2018-11-03,-30.11621506742047,-23.568738274661275,16.04246393082379,-1.8854008037851897
2018-11-04,-28.97261966757395,-24.155535767429193,15.473826198922836,-0.2824082812226123
2018-11-05,-28.447093041448216,-25.966162503586872,16.358788109856352,-1.4242908432993768
2018-11-06,-28.851325212767044,-25.55520548279263,15.934294094857012,-3.189178642322544
2018-11-07,-27.9428720327792,-25.48039318927722,15.961159469652458,-1.0526700186166318
2018-11-08,-27.339446891627343,-25.15905654201991,14.719093298423797,-1.6129622019788972
2018-11-09,-27.502854292136746,-24.282709843273466,13.567821870397774,-1.3556937153254864
2018-11-10,-28.090360182406563,-22.98251408646604,13.512110276992507,-0.23042017473923715
2018-11-11,-27.45484396705498,-20.994860767014735,14.51752729594962,-0.22938775444162562
2018-11-12,-26.43412101531256,-21.492805731662393,16.211632061143657,-0.4222853362893515
2018-11-13,-24.671581219086928,-22.77621144376608,16.713935863031786,-1.1389539048926078
2018-11-14,-25.615511269183916,-23.233511073975606,15.324933582106475,-1.3566158828025996
2018-11-15,-24.96504440266073,-23.343118602072884,14.383598648902566,-3.118227541948461
2018-11-16,-25.392927193304978,-21.939576727835107,13.078640549593029,-4.135158473192587
2018-11-17,-26.24255598667446,-20.480022396146065,13.199184826341165,-5.367780400469913
2018-11-18,-25.72365363027269,-20.888248747664854,12.652291671798167,-3.0843856495012334
2018-11-19,-26.102430841318977,-19.128848615286977,13.043008131414332,-3.982395092646452
2018-11-20,-25.636341568264115,-18.84478606571497,13.945866033498369,-4.3929052508649695
2018-11-21,-26.318235664300072,-19.382619918478245,13.01571413241242,-2.743785778860424
2018-11-22,-25.311863218798454,-21.08604130048932,13.546554098462765,-3.5871603686090103
2018-11-23,-25.879120042100862,-20.52876568841111,14.055339322907805,-4.25288755680616
2018-11-24,-23.434233673194417,-20.874217151238067,13.768502279723672,-4.525138765015578
2018-11-25,-22.598648075519005,-21.982015975108933,11.820716683434075,-6.304242543523796
2018-11-26,-23.219261239341897,-22.33174247396058,11.015431245371719,-7.056447365179318
2018-11-27,-21.877481950557343,-23.34379083426217,12.047102469447161,-6.2865180855155645
2018-11-28,-22.02544427677545,-24.649344343530426,11.608652746676691,-6.815067961846534
2018-11-29,-22.759757894671687,-24.047601348782816,11.290849069551278,-7.879146677746906
2018-11-30,-22.751636704883225,-25.55487325984877,10.377586663467818,-7.769062837195306
2018-12-01,-23.72471575294586,-25.127402760399328,11.456652015213141,-6.039440677745838
2018-12-02,-23.19961387264257,-23.09176157838549,9.920272802318818,-7.230846671798223
2018-12-03,-22.59387046416846,-22.80268536818695,9.771080860873507,-9.855749799789418
2018-12-04,-21.709543464664023,-23.53768734754628,10.399084227015978,-10.544904083808783
2018-12-05,-21.131789804009863,-23.935319139113467,11.272504950247678,-8.688156021014123
2018-12-06,-20.818958440244305,-23.90802039107602,10.495281115039026,-7.665793476145127
2018-12-07,-22.571057590258867,-23.323775862654767,9.71948747755609,-8.237504217154287
2018-12-08,-23.180472241932048,-23.14322647542608,9.164563193056797,-7.154894133130765
2018-12-09,-22.32517333803268,-22.96594203550405,8.794435215281739,-7.327254458477899
2018-12-10,-21.69848911573554,-21.666889191926703,7.536156310407445,-6.953611289332223
2018-12-11,-22.109193757246583,-20.34006678552039,8.132965936193424,-5.065037451919785
2018-12-12,-23.075559053664904,-19.69900341611267,7.382236075596937,-3.695198430080843
2018-12-13,-21.094181594412493,-21.24669907937384,8.11114568196792,-4.395704932912481
2018-12-14,-19.196767615459066,-19.815951256484755,8.009825884806526,-4.49731396787994
2018-12-15,-17.635851939781553,-20.59887001784216,9.860799721832684,-4.893642547120234
2018-12-16,-16.17291854572375,-21.340570320037845,9.528657910902792,-5.719922398168218
2018-12-17,-15.052615593350026,-20.313286695368955,7.706050898133648,-6.5063883005640575
2018-12-18,-15.536143400270237,-18.04569353128454,7.572035886916667,-7.826193360869253
2018-12-19,-16.192531790073232,-18.106175947424376,8.42865680840371,-6.188543829607734
2018-12-20,-15.904246754356343,-18.06167873932555,7.805916511195986,-5.584043245408977
2018-12-21,-17.531405447595407,-19.746037964303632,7.549599726901963,-6.033834909034567
2018-12-22,-16.487922122917666,-18.825542467684624,6.985461872974955,-5.918748228825704
2018-12-23,-16.391623129728995,-21.310334279724085,7.015034718831143,-4.674846890074827
2018-12-24,-18.284372298329384,-20.695780820693148,5.088193687204562,-3.637462262800627
2018-12-25,-18.193290269861034,-20.487085818892915,3.6464833726894117,-2.5459418657263884
2018-12-26,-17.64115019080649,-19.718224474397775,3.091806277302614,-0.8865470813125242
2018-12-27,-17.672378263635117,-19.698753641715186,2.3650038388322994,-0.993620695131152
2018-12-28,-19.240494193105377,-18.57116586143229,2.048251092463172,-0.31891387391589
2018-12-29,-18.178440334595994,-21.648266503129072,1.4154724294264405,-2.524253949196507
2018-12-30,-17.343612339630766,-20.579956673030786,0.18053143460947774,-4.816669489873819
2018-12-31,-17.169933536273586,-19.733426666473523,0.5760332098317958,-5.456020417397008
2019-01-01,-18.490933153007365,-19.248863879531534,0.7118654342839681,-6.517959784756071
2019-01-02,-18.313777744932604,-18.068478330057964,0.1651031463494761,-4.669272395296662
2019-01-03,-18.65882625252142,-18.986737763811192,-0.6816621811376083,-4.393537251741431
2019-01-04,-17.657521995171212,-19.761564229074903,0.5053056054648616,-5.326699677892236
2019-01-05,-16.812475962581072,-18.626888917707518,-0.3069164416428457,-5.61540100010461
2019-01-06,-16.43747381094472,-17.30786654539765,1.368982689167563,-5.81984500020332
2019-01-07,-15.108244167155142,-17.9230789883177,3.1304694909322928,-6.8372937964740625
2019-01-08,-16.648015434744185,-18.259203231884833,4.184621283409086,-6.200802624072418
2019-01-09,-14.255515267287155,-16.945259443203135,5.231452783398,-6.846059474712654
2019-01-10,-13.766512891263583,-15.878455949162307,5.575862788074185,-6.012815997981676
2019-01-11,-15.07380257395754,-15.22416436368102,4.066671399430141,-7.606650378416148
2019-01-12,-15.602740768045237,-15.161421907864513,5.857896223244633,-7.919160715267582
2019-01-13,-14.83130683310824,-14.331597948106563,6.524605918593336,-9.376163907795123
2019-01-14,-15.568922703606678,-13.44490945847167,7.269833531077504,-7.034576747744205
2019-01-15,-16.044648860252245,-14.343907526085218,8.019125583575287,-8.398441266907163
2019-01-16,-16.996455600477805,-14.828796667500065,6.262337760807985,-8.894205943917378
2019-01-17,-16.381121297048438,-14.235777111204676,6.9684886582465015,-8.351357251281664
2019-01-18,-15.534812772089278,-14.205168495907877,7.901382528194169,-9.69204825746668
2019-01-19,-17.123363630719684,-12.758590530859982,7.983984819934815,-9.719598660985529
2019-01-20,-16.636440588733027,-14.671166599605616,7.797979675284911,-9.246807929874057
2019-01-21,-17.538263407120326,-15.74093994746887,7.08381973273971,-9.680768219286687
2019-01-22,-18.489695441183887,-17.655201334528357,7.918170506476435,-10.425973012581496
2019-01-23,-18.966189964480968,-16.966142563213907,7.558165894432039,-11.215634307623802
2019-01-24,-18.026691201428783,-15.320420570951258,9.6279023048901,-9.97487912458274
2019-01-25,-16.825682451967943,-16.624324123666824,10.604152787554876,-9.561431832244008
2019-01-26,-17.85959409281264,-17.287677430547998,10.609209069961814,-11.027110444215081
2019-01-27,-17.911976121011712,-16.49785827647973,11.264647791145464,-8.953261962801923
2019-01-28,-17.95665011794783,-16.157099172153025,11.976190747659738,-7.321746767181962
2019-01-29,-17.47808592972449,-15.935694823440464,12.685506771350514,-6.740275390627532
2019-01-30,-18.655870790023187,-14.702225255167944,12.86517922482066,-6.153966410915912
2019-01-31,-17.046350450650568,-15.653731452177029,13.888040303998038,-6.372767676449644
2019-02-01,-17.26780187409613,-15.896332020849483,14.424682728700251,-6.902624926121562
2019-02-02,-19.3983899725639,-16.058110984385234,13.65408257089098,-5.974830688328609
2019-02-03,-19.980883344274215,-15.088074473390146,12.817751872235617,-6.47476626220221
2019-02-04,-18.809975442390773,-15.429809507715294,12.097563967685636,-6.136881143485655
2019-02-05,-19.0386686269887,-15.875918841045127,10.368896669763929,-5.204765714853972
2019-02-06,-19.591802076782606,-16.01712946102901,8.748649989853583,-3.993223167887173
2019-02-07,-19.258593129381985,-15.339230652842536,8.431688128145122,-5.4420041207127
2019-02-08,-18.956683516197966,-15.091305377766325,9.003131918092315,-5.453146547114652
2019-02-09,-17.303587477394046,-14.880950465506821,8.18696609891298,-5.408980415874733
2019-02-10,-19.51977801960518,-14.453189706022101,8.369816413752613,-6.593381761971136
2019-02-11,-18.496315231731703,-14.08740980077196,8.577634425633967,-5.251409043362241
2019-02-12,-17.487279934564338,-15.284952632423078,8.998076896383893,-5.709879897516711
2019-02-13,-15.936823042448637,-13.607055090523538,9.954145102640554,-7.0096547916849055
2019-02-14,-16.525252099195768,-14.21237456082895,10.335022137931213,-6.177537310726154
2019-02-15,-16.744027150905023,-14.352301979770763,12.43673261797994,-7.305913940029591
2019-02-16,-15.92886596408522,-14.675963068789835,14.133926351169714,-8.306617276238287
2019-02-17,-17.062188238354782,-14.914630564543806,13.78656399658651,-8.71212933002485
2019-02-18,-16.923970501523236,-15.888881043183181,15.08978172049412,-8.593568164244003
2019-02-19,-16.623293406514254,-14.856527462888458,15.190418859473995,-10.325431101712143
2019-02-20,-15.915123824983853,-14.75763678181406,17.177936433055276,-10.399601974291537
2019-02-21,-14.518386208528806,-15.171471848163549,15.666144750005023,-10.742829854344565
2019-02-22,-13.663846177780323,-13.230264172820574,15.373567054831968,-9.5783225682862
2019-02-23,-13.69285730503472,-14.544798576323613,16.933693097259944,-9.510053099667754
2019-02-24,-14.140768585108649,-13.258474618037736,16.17719007838832,-9.583393575852968
2019-02-25,-14.161421124814272,-11.667573482134749,16.319216509964694,-10.108695854192009
2019-02-26,-15.485222952911055,-11.36416348932772,16.7448850944791,-8.594161556218733
2019-02-27,-15.50345784673905,-10.576483057990314,15.98517885100996,-7.8463431748225325
2019-02-28,-15.780427317424259,-11.185618601551223,15.705679702995168,-6.6029351986834435
2019-03-01,-16.96601399334636,-10.763663175025458,17.5611691401993,-5.632902985438941
2019-03-02,-17.487741267457924,-12.374872820219414,18.062364446627367,-3.301422958553317
2019-03-03,-16.480551289214883,-12.88420402921743,17.433160716220538,-3.8863290095756398
2019-03-04,-16.052997156689372,-11.66778115024092,15.257852022711997,-3.7985339058349505
2019-03-05,-18.21898013470208,-10.541079740429288,15.062679689597697,-3.902756488209558
2019-03-06,-18.562265070859755,-9.922445018739005,14.035667122354813,-4.0879002760317835
2019-03-07,-17.34236291887184,-11.529133652054275,13.912108375208097,-3.0619383147079007
2019-03-08,-16.75464067852283,-10.091825757951806,13.772348789665134,-3.4677829417045665
2019-03-09,-16.399504206470116,-12.170889804804059,13.397072572040823,-2.381968429310999
2019-03-10,-14.659121325187419,-10.870811756245908,13.106150528099354,-3.287938337879211
2019-03-11,-15.017364341868689,-10.226165998367476,12.64518474424358,-2.7036886277344934
2019-03-12,-16.082912305069357,-12.00089588701509,12.903649547811051,-2.5786408458051127
2019-03-13,-16.841632319843782,-11.154539467181682,11.591622459813726,-2.156057141359412
2019-03-14,-16.1580070092884,-10.429993471769905,11.34738250334351,-3.342939279462003
2019-03-15,-15.630466521954293,-12.116078488753052,12.626640831457747,-3.5505405257902294
2019-03-16,-13.291407469844636,-11.32055865249553,12.546906530307416,-5.272226664243801
2019-03-17,-13.228016272875372,-11.646547396809359,13.121880279726442,-4.7952565273152175
2019-03-18,-12.29301905619337,-10.443350858938384,13.50672868968218,-6.0599473700518125
2019-03-19,-10.586157957005994,-8.954806711307825,14.733443619034453,-6.650405405792127
2019-03-20,-10.21556738494815,-8.993795741043344,14.64271789605302,-7.099771678967195
2019-03-21,-10.070992950938422,-7.554068705724523,12.842322421422091,-7.526816853952056
2019-03-22,-8.763770141128175,-8.2207153854083,13.404602941780958,-8.436689525834083
2019-03-23,-6.397322975816067,-8.379973391326834,13.265816018029607,-9.381911676319135
2019-03-24,-5.968503633665844,-8.791287386355696,12.806804770007314,-9.530720940154268
2019-03-25,-6.466174268357181,-8.984618281195706,12.11448655327969,-8.476978863264721
2019-03-26,-5.557317009261438,-8.700138216200365,11.639190456246649,-9.701762221028439
2019-03-27,-4.451772078822183,-7.620515920546273,12.23663937042647,-10.281614274205205
2019-03-28,-4.45191936523156,-9.18006908819019,12.328857226899885,-8.504113043273254
2019-03-29,-3.9366757274141118,-8.334718292399142,13.720859909581797,-9.737518904593175
2019-03-30,-4.105239716245234,-8.531484238600484,14.397953854952055,-9.792402990902197
2019-03-31,-4.231232878617589,-8.626452426497874,14.665692653725113,-8.390010111275709
2019-04-01,-4.196899660282685,-9.814299296086315,13.252348867023185,-8.418804143701012
2019-04-02,-4.218534979085024,-9.133674665023653,12.809836696332946,-8.04409126989003
2019-04-03,-2.9686580792873674,-7.921498926102716,13.989278338577545,-9.073960618283142
2019-04-04,-0.952980005196336,-6.423246607241986,13.108595769605168,-10.664070557283488
2019-04-05,-1.8424594727796677,-6.526722978698661,11.651461473668007,-10.048310527733417
2019-04-06,-1.0562162386245375,-6.258492748555491,12.846473150997461,-11.602804380843185
2019-04-07,-0.9820334076245028,-6.649102492721476,12.514279910331878,-12.426463115225856
2019-04-08,-0.265644088757794,-7.122944131576153,11.17508432003531,-12.344831190607632
2019-04-09,0.5211820746527654,-7.377929475809934,11.404553760154496,-13.182886847825202
2019-04-10,0.7084835893609971,-5.208091427756453,9.486717692569858,-14.164880940623208
2019-04-11,0.5718603923666212,-4.8247640795493645,9.065958590337646,-14.117255635893997
2019-04-12,1.509289509146254,-6.438548417122438,9.162858681362806,-11.840428732617452
2019-04-13,3.4878602036471404,-5.8985858564690385,9.828479109705235,-10.947636614462285
2019-04-14,3.519673674879787,-4.616074044286238,11.168865853925317,-10.411850007517758
2019-04-15,3.489009373964212,-4.4887987402861045,11.939738054158775,-9.862945876124828
2019-04-16,3.012908888414234,-3.552376826257718,12.294501862846897,-9.898414232809884
2019-04-17,1.176238797914047,-3.322485330864084,14.020691015675178,-7.946849837761477
2019-04-18,0.6999989778713719,-1.817482942121804,14.581671310869336,-7.4050443927974365
2019-04-19,0.13621904948101293,-0.5272835953899442,13.985907226788056,-8.360695752766196
2019-04-20,0.08362484097842701,-1.58040971407529,12.48579977844543,-6.665762271467722
2019-04-21,-0.8873709466655726,-2.222062919769153,12.393176342305031,-7.101853501521485
2019-04-22,-1.18699223596637,-2.081104122592862,14.1588131786732,-8.480369616416494
2019-04-23,-1.446429892436679,-1.722794767713678,13.857948406590141,-9.938370081022958
2019-04-24,-2.0757763874662944,-2.604951076242134,14.552534195679836,-10.987850881453724
2019-04-25,-0.3442644478101635,-0.04220966379319613,15.149923749663254,-10.680164131523796
2019-04-26,-0.15570585188622635,0.7401968673833375,14.668363843795401,-9.376439525569394
2019-04-27,-0.2570586690059092,0.07518859116324816,15.158764515561199,-9.24460579080007
2019-04-28,-2.4680465736890964,0.26130939390038666,14.998908176001345,-8.276403540805166
2019-04-29,-2.714081066981313,2.2258540629356967,14.134186719677661,-6.761368059288559
2019-04-30,-2.259344763862756,1.7082804665163376,13.924473381064972,-9.002192184559773
2019-05-01,-3.616459554393022,3.0905252962490484,13.405567381115613,-8.530195274092426
2019-05-02,-4.485383021560914,4.142094995297494,14.145916345951617,-8.040195086037668
2019-05-03,-4.7879613691297935,3.608752501755262,14.601685707716845,-8.063445543763315
2019-05-04,-5.417334249992747,4.377781377753984,13.797573456513827,-8.393307268809316
2019-05-05,-4.32488292732489,3.6015138995475473,14.358906555141793,-6.658207507033664
2019-05-06,-4.386297421660221,2.827435779428286,15.048745180630778,-7.3936535609587075
2019-05-07,-5.174485330957034,4.002768474824153,14.734371955735195,-6.794200620803427
2019-05-08,-5.177274710753237,3.574791176214944,14.521840518763826,-5.008680030062314
2019-05-09,-5.601557930960332,3.4502864716853425,13.543756855359511,-4.65277552398265
2019-05-10,-6.04517027554189,2.8920383119689053,12.953695046473474,-5.295966946693595
2019-05-11,-7.01725262745751,4.520130059202135,11.729856883561673,-4.183016367549299
2019-05-12,-7.420085997168024,4.116664725779511,11.468631625419917,-5.578412377150158
2019-05-13,-8.060929244721587,5.692720269738866,11.337233700015533,-7.338071727345877
2019-05-14,-6.995604999163406,6.040055740124,9.582751689607392,-5.846652582080154
2019-05-15,-8.636276260702937,5.908386240493133,10.967763081919305,-7.159151354565075
2019-05-16,-10.349003161618361,5.025714622884984,10.183986179345823,-8.874360200566327
2019-05-17,-9.447451609950715,3.7406451172832176,11.127550482582388,-9.516242184664184
2019-05-18,-8.290616301067057,3.260183780411311,10.849282851401652,-10.866834467593788
2019-05-19,-7.359054515129866,2.775166396950304,10.950570414426524,-10.744348902050787
2019-05-20,-6.6091286884071865,2.419860307156063,10.609829728798157,-12.260746605324595
2019-05-21,-4.4625384347253725,3.2515613988671035,10.483417211799804,-11.255330128272186
2019-05-22,-3.551380065409299,5.056586028684514,9.046727454004131,-13.383129392773457
2019-05-23,-3.115789683871025,5.140728466560465,8.302245956058032,-15.131052703173989
2019-05-24,-2.9639264506201846,4.629731094868091,7.399884655580543,-14.504587488982999
2019-05-25,-3.098582652936693,5.016957484892994,6.994647700426841,-13.063170943899244
2019-05-26,-1.2967170120643396,4.940101787476025,7.624780145583413,-14.081503921236422
2019-05-27,-2.0871342960472523,3.5085435367348303,7.322337980697462,-14.55839533812562
2019-05-28,-2.510320871529541,4.616790519043357,8.746652031080007,-13.204335430518322
2019-05-29,-3.265813969570335,5.289700338250108,8.16431328990605,-10.534967597360412
2019-05-30,-2.1185451442131735,5.416399813578564,8.208257215799733,-11.164410335804734
2019-05-31,-1.4124574646794161,5.503469930142768,8.234887952018866,-12.838897383087062
2019-06-01,-1.201388350788717,6.8725005539974084,9.67101395479563,-12.170631552369542
2019-06-02,-1.2821641775190746,6.830901042587505,9.89212701292825,-11.316528395801768
2019-06-03,-0.9196174645771178,8.482826587667882,9.131066626365806,-10.400165287983835
2019-06-04,-1.2779532363574486,8.49597217763325,8.726827184619387,-10.912819415685764
2019-06-05,-2.320550395927655,7.479050253363835,9.43411825917669,-10.365926341263226
2019-06-06,-2.965913813720265,6.515991948257723,10.71372153270562,-10.820151443761011
2019-06-07,-2.9486516825272227,6.976416163981635,9.666010055606309,-10.493066720057739
2019-06-08,-3.277608787804037,7.295619533959482,8.47237377820703,-11.076069008438349
2019-06-09,-3.2582429946757623,5.782209800720844,9.235624075513812,-10.48444420429272
2019-06-10,-3.46934878958006,5.657313712231026,10.044966395132324,-12.440266654302137
2019-06-11,-3.685372451114746,5.4182613779433515,9.97562453141845,-10.285390736234563
2019-06-12,-4.55748124526538,4.399889932235903,9.564042446214598,-9.346458193425551
2019-06-13,-3.364065964477343,4.618051955107178,10.938374824227843,-7.2000875571910825
2019-06-14,-1.2883227324577273,4.704706032950357,10.353695992961677,-6.676995348756096
2019-06-15,-1.0005144459718256,6.125013958305271,10.573098441264582,-5.901584188384632
2019-06-16,-1.5019873352358546,7.048755491779844,10.515196539591406,-6.014056766585128
2019-06-17,-2.9339585924038385,6.016751127481141,10.035247587664912,-5.317544047085921
2019-06-18,-3.6076023134643505,6.0985937855186805,8.7842603899892,-7.102515404417932
2019-06-19,-4.221268769577378,5.822807113923235,10.260008732926634,-8.754577370987857
2019-06-20,-5.890342622044017,5.9424924414413685,9.020158613020367,-8.792524086896307
2019-06-21,-4.7520267202577555,5.102200016381048,8.794250351887477,-9.989341363540145
2019-06-22,-4.499432959014182,5.062002410773129,8.788678825490745,-10.655394970060318
2019-06-23,-3.869516464714747,4.402303549762342,9.730445959547454,-9.744613599081465
2019-06-24,-3.043987992384695,6.204172646044564,9.547786322111117,-10.765679932345826
2019-06-25,-3.0446673155380264,5.8210571163288485,10.588996819722066,-11.195300286907193
2019-06-26,-2.5717686935388855,6.92640719771062,10.701345481585404,-11.481962585627764
2019-06-27,-3.142677772510755,5.7424744742060545,11.648178998851261,-13.107971491603287
2019-06-28,-1.4367445974147088,4.60337146147684,11.733456155162974,-13.710776497281511
2019-06-29,-2.3515069776680155,5.186825053924655,12.490682382983262,-13.320745457721438
2019-06-30,-2.513644734579505,4.798259481874299,14.522690447975119,-13.446794892264188
2019-07-01,-3.3084499736941817,3.2453700931253584,12.469335936982812,-12.703406018301676
2019-07-02,-3.1505697929914485,4.703201045628898,11.2642740590089,-13.002628116192598
2019-07-03,-2.2651612693549295,5.252207596500724,12.521641965167914,-13.879793790069309
2019-07-04,-1.4952946168486896,5.22680760450803,11.386005634006409,-13.151997152193855
2019-07-05,-1.7118116956339335,2.318386795147006,10.3554622942647,-13.257382163319775
2019-07-06,-0.8372730763889424,2.7230080417092455,9.623367279756728,-12.265599102741913
2019-07-07,-1.045320962326055,3.272668463631578,8.603044705750252,-13.698553215280455
2019-07-08,-1.9122527400182157,3.810513173293788,8.506571611955714,-14.272702900097064
2019-07-09,-2.4679673036575984,4.711143679397341,9.91448956555051,-14.558366250460697
2019-07-10,-1.6010313965687557,5.716464941253193,11.085551985288605,-14.48906022938384
2019-07-11,-1.3969903401888344,7.171111899751437,9.896034182413748,-13.375674928486394
2019-07-12,-0.05712966836094968,8.285676432678299,9.707233915078577,-12.445056496249924
2019-07-13,0.25682935004335633,6.810439738685179,8.844127130277627,-15.136062135204934
2019-07-14,0.7382140208602977,7.011755525169347,6.61288350939124,-14.932796699604664
2019-07-15,0.6811560998640264,8.533890280550818,6.054070081229118,-15.01929340956914
2019-07-16,2.7635226470197978,9.778112968039746,6.255215738910077,-14.996346132453013
2019-07-17,2.2729073458371336,10.350444294508007,5.595980546750017,-14.012693159113082
2019-07-18,3.871138379170138,9.221313180482383,6.159581709478478,-14.326074575126789
2019-07-19,4.620848250441491,7.957239023224505,4.784084201631528,-13.383714043135148
2019-07-20,5.723325413000107,11.436100606121428,2.58711841332535,-13.8471553134015
2019-07-21,5.459301438024276,12.627582848919168,1.8168315926655274,-14.522757760315834
2019-07-22,4.292369614177961,11.36973492821079,-0.4295925079043088,-15.433196058437927
2019-07-23,4.133129830678499,11.54400876590867,0.1076542582378901,-15.00821231850347
2019-07-24,4.1559883168543985,10.756247496848877,0.49523118979070674,-14.923020284479417
2019-07-25,3.4006017380758955,11.677966510810666,1.1061761489099802,-15.251791009228132
2019-07-26,0.5770736321528624,11.750366219566185,1.2014287411298632,-13.73803703841141
2019-07-27,0.10810101050845433,12.471379876991296,1.126160319065721,-13.859852803991544
2019-07-28,0.2051895225348502,13.212140110978988,1.3904399463038675,-12.06684283282297
2019-07-29,-0.2791939705049674,12.295567576047087,0.09692188980005234,-12.917280560471928
2019-07-30,-0.9711144557878345,14.723179545936231,-0.1599145750950453,-12.674384765885147
2019-07-31,0.6757235550794677,15.33018959781629,-0.9061622740002198,-12.636394629989631
2019-08-01,0.5073549005676106,15.06706530467418,-2.1248614904302947,-11.527934855675229
2019-08-02,-0.7156915575476794,14.374527738330972,-1.8860898057409372,-12.864339087885377
2019-08-03,0.16965583904628634,12.72477979815007,-1.3625132785239196,-13.169055079486885
2019-08-04,0.2819468629116454,11.647423990817694,-0.9216203174470905,-10.650957440401854
2019-08-05,0.12411565683251924,11.062841676709168,-2.4904303102545358,-11.485041434793935
2019-08-06,-0.388675844674945,11.939192052447655,-2.0733574138215496,-10.012968024301836
2019-08-07,-0.5752347621621949,11.057593775123745,-4.1002735323458275,-9.324688706924382
2019-08-08,-0.4147583415515649,10.87319639806062,-6.086614713806222,-10.111403290593277
2019-08-09,-0.6404007758634374,11.054111248277085,-4.662776641709511,-11.798642997857542
2019-08-10,-0.6457295428592392,10.599821843565026,-4.300663744525934,-11.081937790721112
2019-08-11,0.8895815084638211,10.061680747710433,-3.833800640504162,-10.64152817574265
2019-08-12,1.4139078250640045,9.633394427028886,-3.134464116901975,-10.54606607785109
2019-08-13,3.386344476433559,9.63289228239743,-1.4804659231139226,-10.14592182721582
2019-08-14,3.4372650567212326,9.940462263965014,-3.49087585594253,-11.91627243389065
2019-08-15,2.284185750177609,10.402244566529145,-2.4477804827895024,-11.320198745043914
2019-08-16,2.7218616029023517,11.70558711054613,-3.161662051067917,-11.305762383844687
2019-08-17,2.038582409525472,9.13241918330558,-4.367686524898815,-11.669151328578769
2019-08-18,0.7612302938521169,10.595956047335418,-3.8375351769057615,-9.96217443319228
2019-08-19,1.0151565064357393,9.354240820405304,-1.4991275876635068,-9.471495463106113
2019-08-20,0.885362709985581,10.184901476382674,-1.2161676822432856,-9.409781569361092
2019-08-21,0.9635027473806992,7.901571425345898,-0.8634255203836925,-10.279637421485893
2019-08-22,0.7830223714267851,7.645712388594777,0.7365277530646706,-9.903670676299443
2019-08-23,0.7660799426224144,9.035963342930353,0.8751459240142135,-7.808835665750107
2019-08-24,2.5548420601581046,8.401081047285832,1.329788357439051,-8.07826044646957
2019-08-25,3.791707417989705,8.431258999304262,1.4442670829925446,-8.215527146572997
2019-08-26,2.4675110183489197,8.311176849820473,-0.0987937179525975,-7.88020177009313
2019-08-27,2.827601983939191,8.961114199895496,-0.8979997968892712,-8.738110918172081
2019-08-28,2.3324854353899176,8.773743421208419,0.12313086355272684,-7.896987146301116
2019-08-29,1.5363220336566104,10.97501785395298,0.7212705104086379,-8.380020312797125
2019-08-30,1.3820694590080937,10.678046628461248,-1.6126296635053168,-6.745339201389606
2019-08-31,0.8332611914632039,10.398380338513086,-1.9802433353698436,-6.7867461194717045
2019-09-01,0.5436163447923228,9.541571893054563,-4.027587500582671,-7.544756772335676
2019-09-02,1.418019486401197,8.944125497406967,-5.162643890081375,-7.225737262944161
2019-09-03,-0.8000090248185494,9.542533335456456,-5.560389472091053,-7.401081860259459
2019-09-04,1.2988778712650857,10.437071634289376,-5.048025326060294,-6.801995414979942
2019-09-05,1.0421659206528444,8.9898418624851,-5.690229622736851,-7.010213850503902
2019-09-06,1.1960576757936392,9.302372982928272,-4.811017820573617,-7.634253373234613
2019-09-07,-0.39126953579102564,10.596307247765077,-3.6968401740224994,-6.601087312173034
2019-09-08,-1.2889891541053022,10.84534169197283,-2.661928187389681,-6.561458088056581
2019-09-09,-2.474666759769695,10.644356257482592,-1.8540776589230317,-6.726589918660896
2019-09-10,-2.3017663777524775,9.676562537648303,-1.5436290803780963,-6.55267291441017
2019-09-11,-4.042019426720811,11.511757802199677,-2.4381724284680883,-6.399232401000857
2019-09-12,-3.6999784704194294,9.916098727403389,-2.7062447687901763,-6.638148703288477
2019-09-13,-3.771009182249153,8.976612497690976,-2.2933529676676256,-8.146176967140251
2019-09-14,-3.334480498672351,9.700026825107416,-4.176210820361983,-7.076503177043354
2019-09-15,-4.696802140873527,9.907400235580548,-4.533649044498502,-5.785656542165757
2019-09-16,-5.628533787460214,12.38522205783186,-3.7362796033156624,-4.587596598641713
2019-09-17,-5.315601990964508,11.908626964674232,-3.846669760192615,-5.82157322228589
2019-09-18,-5.1905258697038175,12.427489377934396,-1.2420443335844493,-5.7683244693935265
2019-09-19,-5.8590063104889465,12.865149954723655,-1.925925737099723,-4.817868026704547
2019-09-20,-7.096260163966308,12.329880407594581,-1.9344926086507226,-5.400072513099942
2019-09-21,-6.979993455469778,11.705374350226462,-1.620060553746073,-5.204151297739418
2019-09-22,-8.44679083224556,11.185762166461199,-1.1867035801125094,-4.820597148592723
2019-09-23,-7.092373599255041,12.347153224255702,0.13577529883601636,-4.807883275344305
2019-09-24,-8.559035178713621,11.168887877486497,-0.9079436909271565,-3.9000050586814012
2019-09-25,-9.008923998297135,8.988503010820985,0.3204976873706149,-3.4332465614483683
2019-09-26,-8.79932369589673,11.581798442339338,0.543583681648973,-3.510709123145273
2019-09-27,-8.184053026264358,11.944166262758914,0.04846702960174698,-2.6482516042292215
2019-09-28,-8.751850682677148,12.507397299233546,-0.6119911052457131,-2.4185763134720464
2019-09-29,-9.69440403644584,11.295894694210503,-1.1180234516528773,-4.046912010902725
2019-09-30,-8.755645027879426,14.177122454822584,-0.22530416205584458,-2.8546714995559705
2019-10-01,-10.689841709099229,14.887385631890574,-0.9174375303566981,-3.042750288312365
2019-10-02,-10.74450837924516,14.024136254597307,0.4766762903135614,-3.4992991381524003
2019-10-03,-13.165983362617148,12.31173928567591,0.2849457656665161,-5.102008734310343
2019-10-04,-13.474718191289885,11.79442726579884,-0.9902191578115439,-4.818555101274471
2019-10-05,-13.27140745740671,11.072702636042917,-1.0295006988010957,-5.0758908160487
2019-10-06,-13.572084217547696,10.466290270713001,-0.22906205218014164,-6.239965712238826
2019-10-07,-12.868032253591894,10.828944716812456,-0.11662759002091527,-7.328597397580338
2019-10-08,-12.427505682216287,12.594593762250177,0.35323838068253754,-8.683556570952577
2019-10-09,-12.441161457809606,11.223112487795046,1.012098068293057,-8.334869098767095
2019-10-10,-12.908319858463452,12.131319866617018,0.838667964564919,-8.068052956032945
2019-10-11,-12.494227882342408,12.552932932224731,0.8895302613831471,-7.876389599843917
2019-10-12,-12.209124045817049,12.164963046599384,-1.087543502357638,-6.9270263130087955
2019-10-13,-11.490875197653855,10.93479025717004,-1.1502584220541079,-6.469424279716306
2019-10-14,-10.463180596709943,9.961610224607593,-2.7970287528315048,-5.82921608249909
2019-10-15,-9.778532981071551,10.292461107978724,-4.1802230933047255,-4.029841212140999
2019-10-16,-10.037975590391344,8.874218368956107,-3.626933860788878,-3.3680780413087987
2019-10-17,-11.287982066252376,9.976974986462,-3.127342127707588,-3.500874940989142
2019-10-18,-11.908501061538171,10.96538998064329,-3.16924766266334,-4.045193922709702
2019-10-19,-12.13793162672866,11.249170603525435,-4.60003090873936,-2.9845483832859587
2019-10-20,-11.669901346708427,11.026849698746071,-6.297610201235223,-3.081813596351406
2019-10-21,-12.065969386840774,12.729668921915442,-7.119487013014785,-3.047648047798677
2019-10-22,-12.528856757889008,12.048350001433075,-7.322751813434413,-4.186503903261787
2019-10-23,-13.11155437826008,12.153867548735555,-7.408632199859426,-4.897645797628295
2019-10-24,-12.910100295798076,12.004502070740086,-8.291070815979257,-5.391601330015327
2019-10-25,-14.597660746004884,11.694282176479879,-7.9964238408721044,-6.692816266813719
2019-10-26,-13.967637323709601,10.44436632785684,-6.706338111694393,-7.186912406409489
2019-10-27,-13.961956558724252,9.846091364563895,-5.932786498376269,-8.202909735912716
2019-10-28,-13.691783942153895,9.812454135845268,-5.616103664811666,-8.210934477562656
2019-10-29,-13.827653333700434,11.949746047516548,-5.935071287985171,-9.280350530883192
2019-10-30,-12.256523586683025,11.782582302049295,-5.922384926306628,-10.570389823205499
2019-10-31,-12.641539261033037,10.751800222325532,-5.51702685822637,-9.398159483851352
2019-11-01,-13.359566369506993,10.798163934993315,-5.42737133415936,-10.460773395699206
2019-11-02,-10.99999721224723,10.583850388652301,-5.987156877667298,-9.397195133302086
2019-11-03,-9.2180424203833,12.64223842425076,-5.845243294973026,-11.008211147616548
2019-11-04,-8.90166007181693,13.235589200086775,-5.4992698740470995,-8.771558917974302
2019-11-05,-8.132531841771389,13.498391379157546,-4.300578212111838,-9.704494809860902
2019-11-06,-9.235683563190607,14.718774631135858,-3.528531666920343,-10.816386279407466
2019-11-07,-9.513742961630731,15.560970241197246,-2.8484555140561825,-10.896551794931575
2019-11-08,-10.0559370181029,15.696878839675795,-5.039955959439334,-9.730119274676596
2019-11-09,-9.777702887101638,17.90372330279569,-4.881230594154866,-8.853550813380643
2019-11-10,-9.847690635192645,17.657328722780697,-3.873429060399513,-9.287902132365412
2019-11-11,-11.293798137526306,17.11365573073065,-1.8899084699060933,-10.268971067106888
2019-11-12,-11.395276929027549,17.020875065202976,-1.6764521454746482,-7.525328638625638
2019-11-13,-13.423727071506981,16.607187699502397,-3.430921405717248,-6.569491655413528
2019-11-14,-14.714070665388318,16.040770307754276,-4.369743440156829,-6.168300977786018
2019-11-15,-14.729138075455968,16.022602327139094,-5.494452523450042,-5.475355100195078
2019-11-16,-14.385512683751426,17.593563621875294,-7.274721917535765,-5.337977135496959
2019-11-17,-15.239373267498207,19.60886828723882,-7.186353975444611,-8.372369632248866
2019-11-18,-15.81297871223857,18.335099290915327,-5.6703082528036735,-9.204045881557763
2019-11-19,-17.72604835047755,18.81781897580134,-5.501787368628321,-8.574329044106513
2019-11-20,-16.08569855883344,19.31337092791746,-4.848027117863212,-6.85394744709315
2019-11-21,-16.483071350074074,19.310517227478222,-6.338058302271725,-7.123388336840117
2019-11-22,-16.184566108950133,20.914999512168045,-5.368906462763595,-6.900070340533362
2019-11-23,-17.399675110419167,20.97881778079294,-4.077106923970032,-8.305760728281454
2019-11-24,-17.800628714269244,19.04175152664727,-4.875108807584007,-8.546438629911078
2019-11-25,-16.699349614042095,18.899506944872204,-3.2777042214106356,-6.669837962763767
2019-11-26,-17.215650235286752,19.741694070879856,-3.936195946969229,-7.6945501803732235
2019-11-27,-17.099575169580202,18.375582132096902,-3.8334379247567276,-7.407035007331588
2019-11-28,-16.11782969414073,19.647175321695936,-4.206961070370918,-7.326037679116383
2019-11-29,-15.994518372863936,19.604455223045807,-1.8291742437940397,-9.005845964363576
2019-11-30,-15.458772193497685,18.277155148059762,-0.6764708414114584,-8.143522183446665
2019-12-01,-15.884872066966292,19.355443096897584,0.31922096227026764,-7.138348096012878
2019-12-02,-17.411012072826637,19.502753881081777,0.8714647123130034,-6.275703327678895
2019-12-03,-17.482225089800732,19.042693529114082,1.198533617731393,-5.943240027802225
2019-12-04,-16.1982456978,20.067046614943074,2.2311568591184816,-5.6116578746818435
2019-12-05,-16.071141871711962,20.353100977441866,2.1398544730118014,-4.73459778893921
2019-12-06,-14.589096563978703,19.74090460072567,2.8667455531388515,-4.620898604212768
2019-12-07,-14.892777251102185,21.832199595637565,2.393787975232155,-4.882942284875816
2019-12-08,-14.02175024126019,20.80337141949468,2.947713102311358,-4.8308223452572445
2019-12-09,-13.579202752318121,19.006689333695636,2.5803078701799245,-3.098761286320591
2019-12-10,-14.699737133784971,20.49351642663676,2.9224696660825518,-4.1370566525799894
2019-12-11,-15.724743308528716,20.18336547666487,2.8660269174753776,-2.7556032177983694
2019-12-12,-17.41509675822449,22.5228215920361,2.806444216120761,-3.2144027487459312
2019-12-13,-16.207056572687957,23.456025071735674,4.728099607674865,-2.0580703183177285
2019-12-14,-16.329734688923235,24.520742558978675,5.140619710969373,-1.4399974104424245
2019-12-15,-16.265081620502198,24.745178153763383,6.267647838707612,1.113478134152539
2019-12-16,-15.82941875466908,24.233334655460812,5.021792231747589,1.5499893303603824
2019-12-17,-16.919583928333243,24.00455289918704,6.37933806705201,0.4508286762528968
2019-12-18,-16.82464630655385,23.150375547639726,7.15895971416223,-0.1561420768310956
2019-12-19,-16.19558520673416,21.600703810117732,7.2120281708125775,0.1766583696502183
2019-12-20,-15.83830996086252,21.600785978377015,6.8867869180404755,-1.8942585281475068
2019-12-21,-16.13435143402703,21.985476731897116,6.656400854181807,-2.0546462331851165
2019-12-22,-17.178910020413277,23.08471109347593,5.510093850838257,-2.413931094181217
2019-12-23,-18.413354764110135,23.832830333317318,6.565461072673706,-1.770797676903074
2019-12-24,-17.22524189291363,24.597058890670667,6.340890054648006,-2.753509337479245
2019-12-25,-17.688855016391987,26.28146652338021,6.3305183904008215,-2.6466459812786938
2019-12-26,-17.598076363661395,25.141327654741158,6.118381999395306,-3.9810569354326546
2019-12-27,-15.174245227829692,23.897294345939905,3.4441203773708495,-5.395385310948001
2019-12-28,-16.332812071269462,24.40431354577302,3.2757513547611916,-5.571581661364994
2019-12-29,-15.109673969688318,24.105118794214665,4.551891013684818,-4.495926373920354
2019-12-30,-16.861436610965512,24.90362457598997,3.4465508187278013,-5.353917247279316
2019-12-31,-16.63381153895477,24.038767129609592,3.713983031881047,-5.051735242548699
2020-01-01,-15.627965670640872,24.209689498780268,5.9683733739194755,-5.34446476335409
2020-01-02,-15.14743606900538,23.10402679987477,7.103019208861172,-6.032149522936664
2020-01-03,-15.006846224471042,24.128164241993176,7.024898049218827,-5.286847789518092
2020-01-04,-13.984329629179799,23.450492243291645,7.591772982305901,-6.437440792385857
2020-01-05,-13.687816944942021,24.639124201135974,7.232149653080729,-5.830308225306214
2020-01-06,-13.694338649676286,27.94879072778091,7.4453401513272714,-4.729994334775869
2020-01-07,-12.167076687265393,28.044961928777756,7.567625245462831,-5.713892759771765
2020-01-08,-11.369268248217516,27.932228225603545,6.566625013699859,-5.989287241234992
2020-01-09,-11.801120733851056,28.08102092438443,7.512066536374619,-4.242976732997616
2020-01-10,-9.997590113063417,28.05476259108326,8.480878394868839,-3.545698304419668
2020-01-11,-11.029967814098969,26.434255029866492,8.765925260283282,-4.74959744152068
2020-01-12,-11.037510720117602,25.222635916307173,9.932493617358455,-3.7059007565443234
2020-01-13,-10.593394270291252,24.553729730351606,11.079516374781528,-2.7538196602743317
2020-01-14,-10.338321298739817,23.331319642924235,12.576852062238864,-4.9048868082964
2020-01-15,-10.695001462884642,22.62025655244245,13.581768000118414,-4.72082202904724
2020-01-16,-11.905751546985503,23.018451266206732,11.216650097792785,-6.056980357037829
2020-01-17,-12.377401784038248,22.320135864328346,10.38639587243986,-6.439501800255087
2020-01-18,-12.802478339132566,23.049796395254205,10.066645472270181,-6.940891928050329
2020-01-19,-12.729159049514037,22.42282269028531,11.957188139578536,-7.491361643845042
2020-01-20,-11.911305077926498,21.428734764820305,13.04471155776995,-9.350666586034773
2020-01-21,-12.517245853778022,19.980461666194945,15.98120872592251,-10.193786017023205
2020-01-22,-12.47513513645851,18.257248475346934,13.299351719316592,-11.398187118778257
2020-01-23,-12.891664991416176,19.673843557199085,10.413736646834252,-9.519086377683763
2020-01-24,-15.471008035237084,20.297490292494437,9.125141259030544,-8.92151935157851
2020-01-25,-16.969794131843894,20.525135115117713,8.737721919113483,-10.122826141380198
2020-01-26,-16.61582567899259,21.639399535517136,8.810404060926516,-10.997800208125211
2020-01-27,-16.519076438261887,21.5060125514501,8.762619245096854,-10.792061583827032
2020-01-28,-17.42327814083924,21.38269539881835,9.233945827400012,-10.946749458480182
2020-01-29,-17.600044018609672,20.6609258176088,9.301787777979893,-10.22247175544869
2020-01-30,-16.647178175768016,20.549025000535668,8.452046933712102,-10.434547163777454
2020-01-31,-15.606521705765129,20.62272427814129,8.865790810380638,-11.8862127114778
2020-02-01,-15.351761764555668,21.590930919796925,7.831539033594015,-11.468088785625302
2020-02-02,-15.85276031558941,23.32129455029731,7.583407227257614,-11.219673728187876
2020-02-03,-16.553922313318697,23.675187367192166,9.864297141626805,-10.919859198714471
2020-02-04,-17.543799114927396,23.285715960779,9.840049274207178,-12.664449612832584
2020-02-05,-17.298182636976172,22.51045928150107,9.806353264925418,-13.153995137016055
2020-02-06,-16.887435500849982,23.076828589259915,9.56443830907047,-12.554894870256378
2020-02-07,-17.95284429554064,22.252739452647962,10.018510096167237,-12.33979477407927
2020-02-08,-18.109587098821514,22.72077549533071,9.346369952268601,-11.977725924312088
2020-02-09,-18.777508951715564,23.425348596321115,9.721960359554082,-12.48268244625622
2020-02-10,-19.722649543658246,24.101056778743754,9.088524932931831,-13.921114872629882
2020-02-11,-19.123116620088055,23.506490876553634,8.299331073917255,-14.39098847232832
2020-02-12,-19.659492322002617,22.689939100603574,8.077285605953424,-13.288461247911137
2020-02-13,-20.595572349204915,22.399066458998444,6.63004128993502,-14.380449248566785
2020-02-14,-21.625519392526922,23.50723362699721,5.679696105844165,-16.235900571032072
2020-02-15,-21.1720125894881,22.678942975249075,5.4684335821811905,-15.882616888103357
2020-02-16,-21.197203448776843,22.107790136845377,3.7801112136863733,-17.025323878182025
2020-02-17,-21.680739768074798,24.282063270361114,4.093356265480283,-16.76046923969353
2020-02-18,-22.40003623262794,22.870028303191383,3.269761031357868,-15.461269839886354
2020-02-19,-22.951662131691062,24.02697165753532,1.869827825375245,-16.035665056302374
2020-02-20,-22.09799952452805,23.98151597921451,2.9387357134453653,-17.435239548727637
2020-02-21,-22.153032785212655,23.278666121380454,3.2238489557320644,-15.058078322266331
2020-02-22,-23.49406624572296,23.09038773391131,1.2902167932916493,-15.541429724336954
2020-02-23,-24.50232534777944,23.771606623804182,-0.5597110386679516,-16.337290947172285
2020-02-24,-24.01133697185046,23.32509550997228,-1.5786896168929816,-17.653500376816883
2020-02-25,-24.625599423103193,24.59092568430985,-1.037604676406692,-18.58450991408214
2020-02-26,-24.59430139894089,22.84041660757872,-2.496821132798671,-19.055127164531903
2020-02-27,-23.764474762640035,22.757334176816357,-2.0332627732475017,-18.964109736407227
2020-02-28,-23.944812379435792,23.784541466743097,-1.038831145358577,-19.99419236494628
2020-02-29,-23.341853999038474,23.226116265393927,0.09846087726179387,-19.265780877614127
2020-03-01,-22.368763833375453,23.307548250745285,0.16428225792318207,-18.706254150630237
2020-03-02,-22.165313433719938,21.41751819536201,-0.38317533086750477,-18.591031737302853
2020-03-03,-22.83892448705037,21.217788321949595,-2.3564412428267767,-18.594164780030464
2020-03-04,-23.25396208106759,21.949384706778286,-1.5303383128931038,-17.077275945691422
2020-03-05,-24.273214600311693,22.303361307755203,0.47892900525540805,-18.10370114938028
2020-03-06,-24.523021648366065,23.00454395896899,0.7507515102825862,-17.1911306110721
2020-03-07,-23.04054197462364,24.397201034908072,1.0411267068787182,-16.961889777455113
2020-03-08,-22.07168188026024,23.009903172446517,0.6567725028583731,-17.297924481862363
2020-03-09,-21.443383134028885,23.78676754860009,1.5323814446918678,-15.952191498966052
2020-03-10,-22.004636650483388,22.42314016341097,0.9214295580706161,-16.500185252287455
2020-03-11,-22.11014088334692,22.3677799590573,1.1703534810996634,-17.584847794593458
2020-03-12,-19.7163525951842,21.709412420311722,0.08094316780572974,-18.721724613105735
2020-03-13,-18.059862923996686,22.73935729433052,-0.9028324277872238,-18.49010241790858
2020-03-14,-18.104794846086687,23.049792267701466,-1.7742619314818837,-16.70259933304999
2020-03-15,-19.498569489985258,23.157701253474933,-2.01059259179036,-17.30890866637094
2020-03-16,-18.06638273323661,23.125509432645284,-1.1248000256330133,-16.526394433108877
2020-03-17,-19.23119082766246,24.977547736489456,-0.208981378799862,-16.36128556080062
2020-03-18,-20.009140909202138,25.405648138501398,-0.22076688135852257,-17.404463193531132
2020-03-19,-18.765998903507047,23.761434502373454,1.5816695448197229,-17.06562840418235
2020-03-20,-18.695693749820908,24.38992690727411,2.014712425198552,-16.32745392437164
2020-03-21,-17.45908782921757,22.97086523686735,2.1868041465023005,-16.235233747811773
2020-03-22,-17.939360885607645,21.5528634623104,0.8051248452562987,-16.59005205252888
2020-03-23,-17.36250113828794,22.822209353474936,2.184666855538576,-16.929311535389942
2020-03-24,-18.038693608998546,24.635097560629116,1.6056777027205273,-18.18921878431429
2020-03-25,-18.307788860138928,24.725858020365507,1.082173650619875,-17.053510458516243
2020-03-26,-18.901089090064467,23.617510416632857,2.0727069799685394,-18.10079255143286
2020-03-27,-19.813680797802125,24.143797968349794,0.8362570820738806,-17.990317501742922
2020-03-28,-19.727200235848436,24.491434197222727,0.9466969610616985,-16.264953027411952
2020-03-29,-19.750724782702534,25.390587321058472,1.9635190749637403,-14.583806189062335
2020-03-30,-20.130758264174705,24.844866891096046,1.8773083388154388,-13.022909487737584
2020-03-31,-19.726118352144013,23.84701406846205,1.098484242650671,-13.154996252174453
2020-04-01,-20.74131819550069,24.04657723198808,0.8968763564328897,-14.363925734804578
2020-04-02,-20.706188738441767,22.77987583512735,1.4628572134207827,-15.918596872963738
2020-04-03,-22.147776639415543,23.63735462858737,0.9268119942400365,-16.726280573247884
2020-04-04,-22.043957656985803,22.052410636819875,2.5257596419931883,-17.00110774523984
2020-04-05,-22.05400642040551,19.596444621321393,4.263251581889836,-15.636011018577896
2020-04-06,-23.320074877588933,18.10925931032685,3.813182187823124,-15.399320171874544
2020-04-07,-24.280865861958993,17.86538365639912,5.2184763676606485,-14.972213611443792
2020-04-08,-25.390697165268314,19.12866564246502,6.093723706776486,-14.783217239522239
2020-04-09,-26.83780597022591,17.71471995247416,6.191161333446277,-14.548496959572997
2020-04-10,-27.102046104338886,19.11944570324439,3.7620474124061665,-13.92374332326834
2020-04-11,-25.895349063546284,18.692159857951225,4.626291401828872,-13.74004347467948
2020-04-12,-26.800548437971575,17.391900648259583,3.1166263970245147,-13.988325158930365
2020-04-13,-27.41369996866405,16.203367780145054,1.7123424967587872,-12.42692866687401
2020-04-14,-26.826663909031442,16.195924085438776,1.4580892980151412,-10.627253817859032
2020-04-15,-26.397397823455453,17.88236768388262,2.7347359535839564,-10.809691739508684
2020-04-16,-27.03057020923575,18.796575281804653,2.83801820672488,-10.333573752728332
2020-04-17,-28.591801162387085,19.37658930791327,3.126488322729724,-11.36134465683513
2020-04-18,-28.471240617295084,20.2092857926853,4.520678902264455,-11.596706835287524
2020-04-19,-27.45797026392637,20.641309780935035,4.612913381064857,-11.401079947096365
2020-04-20,-26.435185980778463,21.374074283294682,6.0804093718994805,-9.59100402435499
2020-04-21,-26.901376761465983,21.070421737010417,5.12081079578822,-7.7231859443628235
2020-04-22,-25.26604445064683,20.84882970065188,4.799045239990588,-7.513819731776775
2020-04-23,-25.073559630451374,20.642644876017236,4.381469275901162,-5.82300562674929
2020-04-24,-22.669419580235182,20.890139165835713,3.5008104589715945,-5.364300559109889
2020-04-25,-22.48986376218634,21.220358235094952,2.8819472545420077,-5.290395811999003
2020-04-26,-20.938377687767094,21.631426770818177,3.0001683599397992,-3.4380985507004556
2020-04-27,-19.53305846039593,22.415634819321454,3.248912604190704,-4.97999567144354
2020-04-28,-17.82615711744102,21.212711079471017,2.9997208734251215,-5.078704050154557
2020-04-29,-17.80680936877953,23.182723822887333,3.2109326585701434,-5.7442377413634125
2020-04-30,-17.107600628786273,23.918756583324633,3.0159758759850104,-5.8145674832886485
2020-05-01,-18.993218668883202,23.287813198382576,2.3474498866084406,-5.498724769312676
2020-05-02,-19.00643026035773,22.796397438596752,3.4003951107648485,-4.163980536901291
2020-05-03,-18.063201666096404,22.75822024843822,4.714810935308601,-4.42585201110604
2020-05-04,-18.09421146619885,22.4369600477564,4.139777557943697,-4.8360627881607
2020-05-05,-18.00727934816679,25.00672567164458,3.9686822519951623,-5.246912063566811
2020-05-06,-17.898303820155167,25.55274786214452,3.282993290574562,-4.781810626271258
2020-05-07,-17.209702207358983,24.73659935429466,3.7205142912571727,-4.931739540117706
2020-05-08,-17.701523986281494,24.09796056134345,2.888156882816225,-5.925167989671346
2020-05-09,-18.259399696719175,24.494088956809016,3.5824165176108753,-6.765793297054546
2020-05-10,-18.725538786842655,25.20810594098407,4.321542930948186,-7.254537019234924
2020-05-11,-18.53233659356322,24.17408250164238,2.511925164709032,-7.872597387345535
2020-05-12,-18.475942072411577,22.415166587746533,3.410625529585223,-5.728744180062658
2020-05-13,-19.988033947293882,19.842530962551464,3.912769553290893,-5.573451880257829
2020-05-14,-19.583512482503096,17.30178132145682,4.554799523630822,-4.989831032344804
2020-05-15,-19.730151003979035,18.518865855347045,3.9309900665631723,-4.887668338564653
2020-05-16,-19.750985354101356,19.150002678713104,1.2186593873389469,-4.003845736788425
2020-05-17,-20.039872061890385,19.96601456914891,0.3465215986172372,-4.549560241962327
2020-05-18,-20.872078443854303,21.97492131381036,0.6551547509186166,-5.640643537762623
2020-05-19,-22.863024339459106,21.81322350013069,0.4101724111312566,-3.8141836133861124
2020-05-20,-22.084192430513415,23.562762641681545,-0.09363776905691368,-3.0692218987208437
2020-05-21,-21.882854624230784,23.637977347775642,0.8796399924878343,-2.437446870930308
2020-05-22,-20.736660122245333,23.187483291791732,0.21755896534799113,-1.6450622168112883
2020-05-23,-20.67252356591703,21.64722066516174,0.6673899837596173,-1.151171177849634
2020-05-24,-22.26114070457093,22.047381769723316,2.584260498865409,-2.8572930515925545
2020-05-25,-22.300683154249892,20.361154311998995,3.7969574349964073,-3.9590616493536057
2020-05-26,-21.350776210529055,20.893378576747022,4.792384129517554,-1.3928300146525339
2020-05-27,-21.426053039051215,21.905593727634983,3.2550420182548514,-0.05348369942863229
2020-05-28,-20.197196968355872,24.207513980010777,3.3071129376749497,0.7935323453638189
2020-05-29,-20.137162340401698,23.6532273368527,3.3476523428055858,1.3685854504200243
2020-05-30,-20.63681000736138,24.74153100298794,2.572388576777942,0.7132400202189711
2020-05-31,-19.93491385092748,23.495461867349483,3.1954224094201833,-0.20126868192404568
2020-06-01,-20.5177633528014,24.896270692746814,3.330965799661163,-1.047468830330993
2020-06-02,-19.337213452311673,26.414697245457294,3.335095026584047,-1.5169425190476789
2020-06-03,-20.09671634025829,26.02825231581463,2.3168769909737756,-2.9567099624126127
2020-06-04,-19.421979627537826,26.433913420656005,3.596206381116557,-4.0555426752643475
2020-06-05,-17.592684859517554,24.68810310003214,2.913989281189263,-3.346251620822036
2020-06-06,-18.119293301169375,26.305232704952477,2.661005774419731,-2.9807156491251363
2020-06-07,-17.734189256672458,26.678551097255582,2.914654919112634,-3.744041680963885
2020-06-08,-15.525305835949737,26.611233281917784,2.566017686716413,-3.442150580099823
2020-06-09,-15.325370413565052,27.76044916758196,2.0868565898650338,-0.4315166589665478
2020-06-10,-13.789947486882305,27.876529517953227,0.46051630995010506,-1.1634711660017598
2020-06-11,-13.594433580657133,28.772640906956788,1.3227405369599667,-1.8790629561783527
2020-06-12,-14.081078601553513,28.04330595819268,0.999553693028771,-1.4883623114695153
2020-06-13,-15.571822013299032,28.844750507668376,-0.7298617703499561,-2.7885866726671633
2020-06-14,-15.608343556596926,28.298632999141336,0.167268010331733,-3.180402045552864
2020-06-15,-14.80683593515443,30.91247254140066,1.2172017432139541,-1.987488485549033
2020-06-16,-13.612897416283106,29.823611745100912,1.8589822491993302,-0.5217777757580704
2020-06-17,-15.256908835287767,29.639267026617865,2.9906772613913386,-1.8891149670057306
2020-06-18,-17.57567638202427,30.856820845331136,3.263656054818831,-2.251266666549338
2020-06-19,-18.27225463892091,28.19693823212503,3.039002161621434,-1.9307544346386325
2020-06-20,-18.427192226352826,27.486632472536197,3.908276233449986,-3.8119946875660826
2020-06-21,-18.908324385974336,27.035982115411805,3.992650048877843,-2.5146170190223334
2020-06-22,-18.57153882296292,27.75002088534072,4.61943263624808,-3.560512130623705
2020-06-23,-16.84985178206179,27.760908248419245,4.612067416663387,-4.399341354534897
2020-06-24,-16.681922831998243,27.426220789562013,4.530843591515917,-6.609691561510925
2020-06-25,-16.211057517981015,25.879771314589053,4.792059434974695,-6.220731976352819
2020-06-26,-16.91051374777219,26.727812278074286,4.446239569521803,-6.362133955696386
2020-06-27,-17.059989539019632,26.75627429277382,3.656054969053802,-6.73522557842322
2020-06-28,-19.016217318220846,27.452686456749365,5.28474184990133,-5.266433162918419
2020-06-29,-20.270207247499187,27.688879898051933,6.252654146752155,-5.217641701107814
2020-06-30,-21.677558179074772,27.964890561970837,5.402981765239178,-3.6165261484968436
2020-07-01,-22.41946297349309,27.938890625647502,6.57239883810546,-2.773174985208601
2020-07-02,-23.42101101696514,27.741303424619353,6.839236048197897,-3.317580380653333
2020-07-03,-21.821037142032182,27.49310192996935,7.21290880443787,-3.3362903796772403
2020-07-04,-20.5841850216566,28.213316512120105,6.517348065309788,-3.6109821620343654
2020-07-05,-19.996378106913347,28.957419204546362,4.801487012506405,-4.549841367101662
2020-07-06,-20.20668890006687,31.077309111673603,4.927884532767644,-6.604603173227606
2020-07-07,-20.1261164789029,30.909682244655563,5.128824899478556,-7.904800357644931
2020-07-08,-19.365683536567246,31.118698188960224,7.564967902528693,-6.418691310866977
2020-07-09,-19.853139903668875,30.328453694378172,6.757258748154084,-7.072736747296986
2020-07-10,-19.444768557621266,30.17392084146195,5.79352847703127,-9.37122744461076
2020-07-11,-20.204677978259543,30.26547107867528,5.445785188687981,-8.723804231518303
2020-07-12,-21.02740196957613,30.268876375946057,4.265713791349433,-8.63011432581037
2020-07-13,-20.634164268981277,29.50170713199006,2.679717755755532,-7.9187928739817925
2020-07-14,-21.149244895574892,28.205042194380198,3.3829099793349937,-7.532818159305811
2020-07-15,-20.659359818755796,28.61399001100771,3.3181838277819797,-7.825934766348743
2020-07-16,-20.246814074774274,27.837072695830493,3.5918214652935574,-9.400686881761796
2020-07-17,-20.601262444474553,29.851868790341737,3.008268007802111,-10.226787397825579
2020-07-18,-20.7309325056427,28.77558773954891,2.068335389075343,-11.377032647955708
2020-07-19,-20.477599190968707,26.280794382667487,1.7125311962791465,-11.004726342308869
2020-07-20,-20.203193240169394,26.192762806966886,2.1350721292029213,-10.224311593828945
2020-07-21,-18.360885027889015,27.321445500319843,-0.7005266757991868,-11.247382022497476
2020-07-22,-19.215286491993574,25.747295945435237,-1.3347928297099405,-12.820050403010962
2020-07-23,-19.71329892927725,25.90319570181479,-2.094050641788775,-12.94441460093784
2020-07-24,-20.10438381591736,25.91279220897194,-3.7536232294662533,-12.92178475529372
2020-07-25,-21.148095722630114,25.63215516761365,-4.4681135451247265,-13.145698420646395
2020-07-26,-20.009621770054572,26.45982266906141,-4.084925280465005,-12.489872357743813
2020-07-27,-18.708169338327295,26.590211507452857,-4.807101893043769,-11.364783802277238
2020-07-28,-19.836170963993318,28.82286554854371,-6.912291541838587,-12.477537924811324
2020-07-29,-20.737615636181197,30.9245006059364,-6.610866270040082,-13.337710901106703
2020-07-30,-18.018456741376728,30.476907180426867,-6.679851188923093,-13.866444154698225
2020-07-31,-18.218831119704323,31.372401295401566,-7.2639829783936865,-15.295077529977291
2020-08-01,-17.982735346155387,31.678820460393457,-6.6263902375391845,-16.00997782831393
2020-08-02,-17.695542746919667,33.65316380392313,-6.761232012064394,-17.559323935803942
2020-08-03,-17.208825317289126,32.82062182017921,-6.983837547728245,-17.14088305234038
2020-08-04,-17.568144300690097,33.35626962942085,-7.099468816294536,-18.72950766890631
2020-08-05,-16.98608003134821,33.62700577246155,-8.465092463378824,-18.74998417267769
2020-08-06,-18.73675966365445,33.39745818559257,-7.888553507608529,-19.536503200395117
2020-08-07,-19.225595595636527,31.213013034344435,-7.87355678561967,-19.334738270241118
2020-08-08,-20.342678681983703,30.225051682177266,-8.244489997602065,-19.36365397064413
2020-08-09,-18.986720818857258,31.060195729499107,-7.475964032780022,-18.658719546327927
2020-08-10,-19.52542625207297,31.269414277339067,-5.258524497162542,-18.431006390158082
2020-08-11,-21.089555966459994,29.471351412399315,-4.285744147027947,-18.67082343416547
2020-08-12,-20.564162839869546,29.944090093430916,-5.970473381200881,-20.061346745596662
2020-08-13,-19.30136227560009,31.059349603275294,-5.588007664187407,-19.41781166035649
2020-08-14,-20.265777699072316,31.732781977812593,-6.456408146746576,-20.08624731138125
2020-08-15,-19.93081783697399,31.599859364116,-6.9684561285691755,-20.82261808786691
2020-08-16,-21.338255865464728,30.340389266305856,-7.508299833758257,-22.01333677054705
2020-08-17,-21.54168877133241,31.101679417396547,-7.7259783033147,-21.377966851226414
2020-08-18,-21.65148447124558,31.939357650657765,-8.249665187659247,-20.16502006214921
2020-08-19,-21.344563666029522,33.25206808241763,-7.12178826880214,-19.802666217660946
2020-08-20,-21.325647869728407,32.095397995927996,-8.789135065574047,-18.713144869884452
2020-08-21,-20.86492498073897,31.885514542639232,-8.206848704074137,-18.017192672865022
2020-08-22,-23.141796868587498,30.484748839021215,-10.35052490513414,-19.82997948526128
2020-08-23,-22.20161173176241,30.4095261514004,-9.405042243093366,-19.002323706135186
2020-08-24,-23.305210200356495,29.933845813274807,-8.366320603926022,-19.759100447828644
2020-08-25,-23.858181810820632,31.176160324137285,-8.639823422732297,-19.547520104039673
2020-08-26,-23.46272782704318,33.05530821618321,-10.297442239519228,-20.205891636405404
2020-08-27,-24.030993539913325,33.45285463213464,-12.59466607282614,-20.346189451452084
2020-08-28,-23.498132033852595,35.57759619752435,-12.339241468232386,-19.315487826215787
2020-08-29,-23.79312375286825,34.99353477768618,-13.099655507194798,-18.604884508019857
2020-08-30,-24.635466929722423,34.769535317372814,-12.961417175744906,-18.517678898177515
2020-08-31,-25.446484902775087,35.363917630989626,-12.664116637550718,-17.322849244344
2020-09-01,-26.01428275524954,35.327983135903565,-12.138925305302168,-16.713845246440798
2020-09-02,-24.32547714213206,35.38100048623971,-10.369390811257864,-19.0470181454859
2020-09-03,-24.7292282178634,34.09793652755104,-10.69757177515385,-18.52892259968449
2020-09-04,-26.221872330974517,33.91669224151612,-11.83039967127836,-17.041415362892014
2020-09-05,-27.351409022961676,35.19466299467348,-11.808453814905196,-18.765841077973203
2020-09-06,-27.83352099658341,36.64747557327796,-13.246971781169002,-17.960559475998995
2020-09-07,-28.14356777101733,37.37251866586723,-12.609263652107574,-16.04798018627078
2020-09-08,-26.703722130403875,38.213590359732734,-13.697589047884263,-14.886010873265233
2020-09-09,-26.107721261773843,37.81334406384001,-13.180869156769152,-13.877750055815953
2020-09-10,-26.644104762268853,38.69697523274798,-13.548289544722843,-14.524057838704692
2020-09-11,-26.698291873251826,38.91300492668941,-13.437988395241334,-14.699300135807682
2020-09-12,-28.67687891567765,40.02350924556351,-12.240336452817607,-14.693115109285833
2020-09-13,-29.88947792621794,38.25974790748566,-12.22615080330049,-14.47962597857609
2020-09-14,-30.807672829468032,39.06365964952035,-12.426745934276337,-14.450251477186223
2020-09-15,-29.685312915799333,40.83031516445169,-12.687808501919926,-15.047677295780131
2020-09-16,-28.560700071248135,41.22499381972358,-12.950952086482953,-14.067246742800856
2020-09-17,-27.732192756543892,39.446648459733254,-13.226046560075845,-14.50674930082025
2020-09-18,-27.309510901838095,39.14193985061743,-13.304442412402379,-14.905684627134022
2020-09-19,-27.358236164096027,39.2851474111273,-13.010008792794938,-14.71915075849086
2020-09-20,-28.35867049062086,38.51256942043958,-14.016145102031782,-14.353188400359183
2020-09-21,-30.118195953196743,38.900370406462876,-14.121953398831709,-14.102983771595907
2020-09-22,-28.790787924397684,39.296466435005435,-14.091950399984508,-14.92198370785606
2020-09-23,-28.798549245591218,39.8226971274704,-14.237630098944797,-15.118868932453001
2020-09-24,-29.75850670034901,40.118107751225885,-12.885040299950404,-14.345388498037138
2020-09-25,-27.385586852772086,39.80949701177587,-13.608850808514179,-14.208968537299127
2020-09-26,-27.2851337799336,41.80902247469559,-13.968993344340456,-16.737204531037932
